WORD_ID,WORD,core_ethics,negative_impact,technology_term,human_condition,action_verb,trash_word,fairness,transparency,accountability,privacy,safety,beneficence,honesty,inclusion,diversity,accessibility,equity,governance,oversight,testing,monitoring,documentation,risk_identification,risk_mitigation,harm_prevention,collaboration,engagement,feedback,sustainability,future_risk,societal_impact,education,prohibition,limitation
WORD00001,speech,,,,speech,,,,,,,,,,,,,,,,,,,,,,,,,,,,,,
WORD00002,extensive,,,,,,extensive,,,,,,,,,,,,,,,,,,,,,,,,,,,,
WORD00003,correctly,,,,,,correctly,,,,,,,,,,,,,,,,,,,,,,,,,,,,
WORD00004,scraped,,,,,,scraped,,,,,,,,,,,,,,,,,,,,,,,,,,,,
WORD00005,manages,,,,,manages,,,,,,,,,,,,,,,,,,,,,,,,,,,,,
WORD00006,facto,,,,,,facto,,,,,,,,,,,,,,,,,,,,,,,,,,,,
WORD00007,advance,,,,,,advance,,,,,,,,,,,,,,,,,,,,,,,,,,,,
WORD00008,artifacts,,,,,,artifacts,,artifacts,,,,,,,,,,,,,,artifacts,,,,,,,,,,,,
WORD00009,piloted,,,,,piloted,piloted,,,,,,,,,,,,,,,,,,,,,,,,,,,,
WORD00010,operations,,,,,,operations,,,,,,,,,,,,operations,,,,,,,,,,,,,,,,
WORD00011,covid,,,,,,covid,,,,,,,,,,,,,,,,,,,,,,,,,,,,
WORD00012,pmma,,,pmma,,,pmma,,,,,,,,,,,,pmma,,,,,,,,,,,,,,,,
WORD00013,quality,,,,,,quality,,,,,,,,,,,,,,quality,,,,,,,,,,,,,,
WORD00014,genders,,,,genders,,,,,,,,,,,,,,,,,,,,,,,,,,,,,,
WORD00015,people,,,,people,,people,,,,,,,,,,,,,,,,,,,,,people,,,,,,,
WORD00016,extract,,,extract,,,,,,,,,,,,,,,,,,,,,,,,,,,,,,,
WORD00017,approach,,,,,,approach,,,,,,,,,,,,,,,,,,,,approach,,,,,,,,
WORD00018,several,,,,,,several,,,,,,,,,,,,,,,,,,,,,,,,,,,,
WORD00019,trace,,,,,trace,,,,,,,,,,,,,,,,,,,,,,,,,,,,,
WORD00020,process,,,,,,process,,,,,,,,,,,,,,,,,,,,,,,,,,,,
WORD00021,enhance,,,,,enhance,,,,,,,,,,,,,,,,,,,,,,,,,,,,,
WORD00022,wearing,,,,,,wearing,,,,,,,,,,,,,,,,,,,,,,,,,,,,
WORD00023,provided,,,,,provided,provided,,,,,,,,,,,,,,,,,,,,,,,,,,,,
WORD00024,eventually,,,,,,eventually,,,,,,,,,,,,,,,,,,,,,,,,,,,,
WORD00025,issues,,,,,,issues,,,,,,,,,,,,,,,,,issues,,,,,,,,,,,
WORD00026,combining,,,,,combining,,,,,,,,,,,,,,,,,,,,,,,,,,,,,
WORD00027,moderation,,,,,,moderation,,,,,,,,,,,,,,,,,,,,,,,,,,,,
WORD00028,definition,,,,,,definition,,,,,,,,,,,,,,,,,,,,,,,,,,,,
WORD00029,began,,,,,began,,,,,,,,,,,,,,,,,,,,,,,,,,,,,
WORD00030,otherwise,,,,,,otherwise,,,,,,,,,,,,,,,,,,,,,,,,,,,,
WORD00031,inherent,,,,,,inherent,,,,,,,,,,,,,,,,,,,,,,,,,,,,
WORD00032,raising,,,,,raising,,,,,,,,,,,,,,,,,,,,,,,,,,,,,
WORD00033,context,,,,context,,context,,,,,,,,,,,,,,,,,,,,,,,,,,,,context
WORD00034,scientists,,,,,,scientists,,,,,,,,,,,,,,,,,,,,,,,,,,,,
WORD00035,security,,,security,,,security,,,,security,security,,,,,,,,,,,,,,,,,,,,,,,
WORD00036,sharing,,,,,sharing,sharing,,,,,,,,,,,,,,,,,,,,sharing,,,,,,,,
WORD00037,transparency,,,,,,,,transparency,,,,,transparency,,,,,,,,,,,,,,,,,,,,,
WORD00038,attending,,,,,,attending,,,,,,,,,,,,,,,,,,,,,,,,,,,,
WORD00039,component,,,,,,component,,,,,,,,,,,,,,,,,,,,,,,,,,,,
WORD00040,projects,,,,,,projects,,,,,,,,,,,,,,,,,,,,,,,,,,,,
WORD00041,github,,,github,,,,,,,,,,,,,,,,,,,,,,,,,,,,,,,
WORD00042,local,,,,,,local,,,,,,,,,,,,,,,,,,,,,,,,,,,,
WORD00043,types,,,,,,types,,,,,,,,,,,,,,,,,,,,,,,,,,,,
WORD00044,fewer,,,,,,fewer,,,,,,,,,,,,,,,,,,,,,,,,,,,,fewer
WORD00045,rigorous,,,,,,rigorous,,,,,,,,,,,,,,,,,,,,,,,,,,,,
WORD00046,ads,,,,,,ads,,,,,,,,,,,,,,,,,,,,,,,,,,,,
WORD00047,enterprise,,,,,,enterprise,,,,,,,,,,,,,,,,,,,,,,,,,,,,
WORD00048,associated,,,,,,associated,,,,,,,,,,,,,,,,,,,,,,,,,,,,
WORD00049,labels,,,,,,labels,,,,,,,,,,,,,,,,,,,,,,,,,,,,
WORD00050,names,,,,,,names,,,,,,,,,,,,,,,,,,,,,,,,,,,,
WORD00051,focus,,,,,focus,focus,,,,,,,,,,,,,,,,,,,,,,,,,,,,
WORD00052,practices,,,,,,practices,,,,,,,,,,,,,,,,,,,,,,,,,,,,
WORD00053,ethnicity,,,,ethnicity,,,,,,,,,,,ethnicity,,,,,,,,,,,,,,,,,,,
WORD00054,io,,,,,,io,,,,,,,,,,,,,,,,,,,,,,,,,,,,
WORD00055,providing,,,,,providing,providing,,,,,,,,,,,,,,,,,,,,,,,,,,,,
WORD00056,acceptable,,,,,,acceptable,,,,,,,,,,,,,,,,,,,,,,,,,,,,
WORD00057,challenge,,challenge,,,,challenge,,,,,,,,,,,,,,,,,challenge,,,,,,,,,,,
WORD00058,confusion,,,,,,confusion,,,,,,,,,,,,,,,,,,,,,,,,,,,,
WORD00059,graduates,,,,,,graduates,,,,,,,,,,,,,,,,,,,,,,,,,,,,
WORD00060,girls,,,,girls,,girls,,,,,,,,,,,,,,,,,,,,,,,,,,,,
WORD00061,designers,,,,,,designers,,,,,,,,,,,,,,,,,,,,,,,,,,,,
WORD00062,rounds,,,,,,rounds,,,,,,,,,,,,,,,,,,,,,,,,,,,,
WORD00063,scale,,,scale,,scale,scale,,,,,,,,,,,,,,,,,,,,,,,,,,,,
WORD00064,opening,,,,,opening,,,,,,,,,,,,,,,,,,,,,,,,,,,,,
WORD00065,index,,,,,,index,,,,,,,,,,,,,,,,,,,,,,,,,,,,
WORD00066,believe,,,,,,believe,,,,,,,,,,,,,,,,,,,,,,,,,,,,
WORD00067,employ,,,,,employ,,,,,,,,,,,,,,,,,,,,,,,,,,,,,
WORD00068,given,,,,,,given,,,,,,,,,,,,,,,,,,,,,,,,,,,,
WORD00069,disease,,,,disease,,disease,,,,,,,,,,,,,,,,,,,,,,,,,,,,
WORD00070,however,,,,,,however,,,,,,,,,,,,,,,,,,,,,,,,,,,,
WORD00071,identify,,,,,identify,,,,,,,,,,,,,,,,identify,,identify,,,,,,,,,,,
WORD00072,documenting,,,,,documenting,,,documenting,,,,,,,,,,,,,,documenting,,,,,,,,,,,,
WORD00073,year,,,,,,year,,,,,,,,,,,,,,,,,,,,,,,,,,,,
WORD00074,common,,,,,,common,,,,,,,,,,,,,,,,,,,,,,,,,,,,
WORD00075,principles,principles,,,,,principles,,,,,,principles,,,,,,principles,,,,,,,,,,,,,,,,
WORD00076,chatbot,,,chatbot,,,,,,,,,,,,,,,,,,,,,,,,,,,,,,,
WORD00077,checkered,,,,,,checkered,,,,,,,,,,,,,,,,,,,,,,,,,,,,
WORD00078,efforts,,,,,,efforts,,,,,,,,,,,,,,,,,,,,,,,,,,,,
WORD00079,dermatologist,,,,dermatologist,,,,,,,,,,,,,,,,,,,,,,,,,,,,,,
WORD00080,colleges,,,,,,colleges,,,,,,,,,,,,,,,,,,,,,,,,,,,,
WORD00081,pandemic,,,,,,pandemic,,,,,,,,,,,,,,,,,,,,,,,,,,,,
WORD00082,significant,,,,,,significant,,,,,,,,,,,,,,,,,,,,,,,,,,,,
WORD00083,categorize,,,,,categorize,,,,,,,,,,,,,,,,,,,,,,,,,,,,,
WORD00084,benchmarks,,,benchmarks,,,benchmarks,,,,,,,,,,,,,,benchmarks,,,,,,,,,,,,,,
WORD00085,consortium,,,,,,,,,,,,,,,,,,,,,,,,,,consortium,,,,,,,,
WORD00086,mst,,,,,,mst,,,,,,,,,,,,,,,,,,,,,,,,,,,,
WORD00087,metrics,,,,,,metrics,,,,,,,,,,,,,,metrics,,,,,,,,,,,,,,
WORD00088,recognition,,,,,,recognition,,,,,,,,,,,,,,,,,,,,,,,,,,,,
WORD00089,planning,,,,,,planning,,,,,,,,,,,,,,,,,,,,,,,,,,,,
WORD00090,americas,,,,,,americas,,,,,,,,,,,,,,,,,,,,,,,,,,,,
WORD00091,safeguards,,,,,,safeguards,,,,,safeguards,,,,,,,,,,,,,safeguards,,,,,,,,,,
WORD00092,vendor,,,,,,vendor,,,,,,,,,,,,,,,,,,,,,,,,,,,,
WORD00093,malicious,,malicious,,,,,,,,,malicious,,,,,,,,,,,,,,,,,,,,,,,
WORD00094,mitigating,,,,,mitigating,,,,,,,,,,,,,,,,,,,mitigating,,,,,,,,,,
WORD00095,pillar,,,,,,pillar,,,,,,,,,,,,,,,,,,,,,,,,,,,,
WORD00096,optimal,,,,,,optimal,,,,,,,,,,,,,,,,,,,,,,,,,,,,
WORD00097,sexually,,,,,,sexually,,,,,,,,,,,,,,,,,,,,,,,,,,,,
WORD00098,offering,,,,,offering,offering,,,,,,,,,,,,,,,,,,,,,,,,,,,,
WORD00099,ethics,ethics,,,,,ethics,,,,,,,,,,,,,,,,,,,,,,,,,,,,
WORD00100,lack,,,,,,lack,,,,,,,,,,,,,,,,,,,,,,,,,,,,
WORD00101,hundreds,,,,,,hundreds,,,,,,,,,,,,,,,,,,,,,,,,,,,,
WORD00102,agreement,,,,,,agreement,,,,,,,,,,,,,,,,,,,,,,,,,,,,
WORD00103,specialization,,,,,,specialization,,,,,,,,,,,,,,,,,,,,,,,,,,,,
WORD00104,volunteer,,,,,,volunteer,,,,,,,,,,,,,,,,,,,,,,,,,,,,
WORD00105,browser,,,browser,,,,,,,,,,,,,,,,,,,,,,,,,,,,,,,
WORD00106,faster,,,,,,faster,,,,,,,,,,,,,,,,,,,,,,,,,,,,
WORD00107,members,,,,,,members,,,,,,,,,,,,,,,,,,,,,,,,,,,,
WORD00108,access,,,,,,access,,,,,,,,,,access,,,,,,,,,,,,,,,,,,
WORD00109,inequalities,,inequalities,,,,,,,,,,,,,,,inequalities,,,,,,,,,,,,,,,,,
WORD00110,collecting,,,,,collecting,,,,,,,,,,,,,,,,,,,,,,,,,,,,,
WORD00111,reinventing,,,,,reinventing,,,,,,,,,,,,,,,,,,,,,,,,,,,,,
WORD00112,suite,,,,,,suite,,,,,,,,,,,,,,,,,,,,,,,,,,,,
WORD00113,generative,,,generative,,,generative,,,,,,,,,,,,,,,,,,,,,,,,,,,,
WORD00114,proportionality,,,,,,proportionality,,,,,,,,,,,,,,,,,,,,,,,,,,,,
WORD00115,live,,,,,live,,,,,,,,,,,,,,,,,,,,,,,,,,,,,
WORD00116,backgrounds,,,,backgrounds,,,,,,,,,,,,,,,,,,,,,,,,,,,,,,
WORD00117,norm,,,,,,norm,,,,,,,,,,,,,,,,,,,,,,,,,,,,
WORD00118,tenets,,,,,,tenets,,,,,,,,,,,,,,,,,,,,,,,,,,,,
WORD00119,said,,,,,,said,,,,,,,,,,,,,,,,,,,,,,,,,,,,
WORD00120,philosophy,,,,,,philosophy,,,,,,,,,,,,,,,,,,,,,,,,,,,,
WORD00121,flagship,,,,,,flagship,,,,,,,,,,,,,,,,,,,,,,,,,,,,
WORD00122,missteps,,missteps,,,,,,,,,,,,,,,,,,,,,missteps,,,,,,,,,,,
WORD00123,mission,,,,,,mission,,,,,,,,,,,,,,,,,,,,,,,,,,,,
WORD00124,architectures,,,architectures,,,,,,,,,,,,,,,,,,,,,,,,,,,,,,,
WORD00125,motivate,,,,,motivate,,,,,,,,,,,,,,,,,,,,,,,,,,,,,
WORD00126,scales,,,,,,scales,,,,,,,,,,,,,,,,,,,,,,,,,,,,
WORD00127,speak,,,,,speak,,,,,,,,,,,,,,,,,,,,,,,,,,,,,
WORD00128,obligations,,,,,,obligations,,,,,,,,,,,,,,,,,,,,,,,,,,,,
WORD00129,raises,,,,,,raises,,,,,,,,,,,,,,,,,,,,,,,,,,,,
WORD00130,avoiding,,,,,avoiding,avoiding,,,,,,,,,,,,,,,,,,avoiding,avoiding,,,,,,,,,
WORD00131,organized,,,,,organized,,,,,,,,,,,,,,,,,,,,,,,,,,,,,
WORD00132,populations,,,,populations,,populations,,,,,,,,,,,,,,,,,,,,,,,,,,,,
WORD00133,consulted,,,,,consulted,,,,,,,,,,,,,,,,,,,,,,,,,,,,,
WORD00134,synthetic,,,synthetic,,,synthetic,,,,,,,,,,,,,,,,,,,,,,,,,,,,
WORD00135,nearly,,,,,,nearly,,,,,,,,,,,,,,,,,,,,,,,,,,,,
WORD00136,studies,,,,,,studies,,,,,,,,,,,,,,,,,,,,,,,,,,,,
WORD00137,org,,,,,,org,,,,,,,,,,,,,,,,,,,,,,,,,,,,
WORD00138,bespoke,,,,,,bespoke,,,,,,,,,,,,,,,,,,,,,,,,,,,,
WORD00139,course,,,,,,course,,,,,,,,,,,,,,,,,,,,,,,,,,course,,
WORD00140,applying,,,,,applying,applying,,,,,,,,,,,,,,,,,,,,,,,,,,,,
WORD00141,largescale,,,,,,largescale,,,,,,,,,,,,,,,,,,,,,,,,,,,,
WORD00142,value,value,,,,,value,,,,,,,,,,,,,,,,,,,,,,,,,,,,
WORD00143,prescriptive,,,,,,prescriptive,,,,,,,,,,,,,,,,,,,,,,,,,,,,
WORD00144,repeatable,,,,,,repeatable,,,,,,,,,,,,,,,,,,,,,,,,,,,,
WORD00145,reliable,,,,,,reliable,,,,,,,,,,,,,,,,,,,,,,,,,,,,
WORD00146,diligence,,,,,,diligence,,,,,,,,,,,,,,,,,,,,,,,,,,,,
WORD00147,centralized,,,,,,centralized,,,,,,,,,,,,,,,,,,,,,,,,,,,,
WORD00148,german,,,,,,german,,,,,,,,,,,,,,,,,,,,,,,,,,,,
WORD00149,nuanced,,,,,,nuanced,,,,,,,,,,,,,,,,,,,,,,,,,,,,
WORD00150,community,,,,community,,community,,,,,,,,community,,,,,,,,,,,,community,,,,,community,,,
WORD00151,android,,,android,,,,,,,,,,,,,,,,,,,,,,,,,,,,,,,
WORD00152,externalization,,,,,,externalization,,externalization,,,,,,,,,,,,,,,,,,,,,,,,,,
WORD00153,likelihood,,,,,,likelihood,,,,,,,,,,,,,,,,,,likelihood,,,,,,,,,,
WORD00154,doesn,,,,,,doesn,,,,,,,,,,,,,,,,,,,,,,,,,,,,
WORD00155,cut,,,,,,cut,,,,,,,,,,,,,,,,,,,,,,,,,,,,
WORD00156,potentially,,,,,,potentially,,,,,,,,,,,,,,,,,,,,,,,,,,,,
WORD00157,explains,,,,,explains,,,explains,,,,,,,,,,,,,,,,,,,,,,,,,,
WORD00158,economic,,,,,,,,,,,,,,,,,economic,,,,,,,,,,,,,,economic,,,
WORD00159,sites,,,,,,sites,,,,,,,,,,,,,,,,,,,,,,,,,,,,
WORD00160,certain,,,,,,certain,,,,,,,,,,,,,,,,,,,,,,,,,,,,
WORD00161,sensitivity,,,,,,sensitivity,,,,,,,,,,,,,,,,,,,,,,,,,,,,
WORD00162,urgent,,,,,,urgent,,,,,,,,,,,,,,,,,,,,,,,,,,,,
WORD00163,critical,,,,,,critical,,,,,,,,,,,,,,,,,,,,,,,,,,,,
WORD00164,educate,,,,,educate,,,,,,,,,,,,,,,,,,,,,,,,,,,,,
WORD00165,objects,,,,,,objects,,,,,,,,,,,,,,,,,,,,,,,,,,,,
WORD00166,girlguiding,,,,,,girlguiding,,,,,,,,,,,,,,,,,,,,,,,,,,,,
WORD00167,news,,news,,,,news,,,,,,,,,,,,,,,,,,,,,,,,,,,,
WORD00168,train,,,,,train,,,,,,,,,,,,,,,,,,,,,,,,,,,,,
WORD00169,analysis,,,,,,analysis,,,,,,,,,,,,,,,,,,,,,,,,,,,,
WORD00170,browsing,,,browsing,,,,,,,,,,,,,,,,,,,,,,,,,,,,,,,
WORD00171,helped,,,,,helped,helped,,,,,,,,,,,,,,,,,,,,,,,,,,,,
WORD00172,better,,,,,,better,,,,,,,,,,,,,,,,,,,,,,,,,,,,
WORD00173,policymakers,,,,,,,,,,,,,,,,,,policymakers,,,,,,,,,,,,,,,,
WORD00174,toolkit,,,,,,toolkit,,,,,,,,,,,,,,,,,,,,,,,,,,,,
WORD00175,inanimate,,,,,,inanimate,,,,,,,,,,,,,,,,,,,,,,,,,,,,
WORD00176,examining,,,,,,examining,,,,,,,,,,,,,,,,,,,,,,,,,,,,
WORD00177,constructing,,,,,constructing,,,,,,,,,,,,,,,,,,,,,,,,,,,,,
WORD00178,formally,,,,,,formally,,,,,,,,,,,,,,,,,,,,,,,,,,,,
WORD00179,leveraging,,,,,leveraging,,,,,,,,,,,,,,,,,,,,,,,,,,,,,
WORD00180,operationalizing,,,,,,operationalizing,,,,,,,,,,,,,,,,,,,,,,,,,,,,
WORD00181,team,,,,,,team,,,,,,,,,,,,,,,,,,,,team,,,,,,,,
WORD00182,fresher,,,,,,fresher,,,,,,,,,,,,,,,,,,,,,,,,,,,,
WORD00183,perspectives,,,,perspectives,,perspectives,,,,,,,,,,,,,,,,,,,,,,,,,,,,
WORD00184,allow,,,,,allow,,,,,,,,,,,,,,,,,,,,,,,,,,,,,
WORD00185,implications,,,,,,implications,,,,,,,,,,,,,,,,,,,,,,,,,,,,
WORD00186,divulges,,,,,divulges,,,,,divulges,,,,,,,,,,,,,,,,,,,,,,,,
WORD00187,discussed,,,,,discussed,discussed,,,,,,,,,,,,,,,,,,,,,,,,,,,,
WORD00188,move,,,,,move,,,,,,,,,,,,,,,,,,,,,,,,,,,,,
WORD00189,spectrum,,,,,,spectrum,,,,,,,,,,,,,,,,,,,,,,,,,,,,
WORD00190,operate,,,,,operate,,,,,,,,,,,,,,,,,,,,,,,,,,,,,
WORD00191,seen,,,,,,seen,,,,,,,,,,,,,,,,,,,,,,,,,,,,
WORD00192,give,,,,,,give,,,,,,,,,,,,,,,,,,,,,,,,,,,,
WORD00193,needed,,,,,,needed,,,,,,,,,,,,,,,,,,,,,,,,,,,,
WORD00194,testing,,,,,testing,testing,,,,,,,,,,,,,,testing,,,,,,,,,,,,,,
WORD00195,instance,,,,,,instance,,,,,,,,,,,,,,,,,,,,,,,,,,,,
WORD00196,measure,,,,,measure,,,,,,,,,,,,,,,,,,,,,,,,,,,,,
WORD00197,coverage,,,,,,coverage,,,,,,,,coverage,,,,,,,,,,,,,,,,,,,,
WORD00198,contract,,,,,,contract,,,,,,,,,,,,,,,,contract,,,,,,,,,,,,
WORD00199,impacted,,,,,,impacted,,,,,,,,,,,,,,,,,,,,,,,,,impacted,,,
WORD00200,retrofitting,,,,,,retrofitting,,,,,,,,,,,,,,,,,,,,,,,,,,,,
WORD00201,voice,,,,voice,,,,,,,,,,,,,,,,,,,,,,,,,,,,,,
WORD00202,beauty,,,,,,beauty,,,,,,,,,,,,,,,,,,,,,,,,,,,,
WORD00203,full,,,,,,full,,,,,,,,,,,,,,,,,,,,,,,,,,,,
WORD00204,dedicate,,,,,,dedicate,,,,,,,,,,,,,,,,,,,,,,,,,,,,
WORD00205,unbiased,,,,,,,unbiased,,,,,,,,,,,,,,,,,,,,,,,,,,,
WORD00206,executives,,,,,,executives,,,,,,,,,,,,,,,,,,,,,,,,,,,,
WORD00207,find,,,,,find,find,,,,,,,,,,,,,,,,,,,,,,,,,,,,
WORD00208,capability,,,,,,capability,,,,,,,,,,,,,,,,,,,,,,,,,,,,
WORD00209,underlie,,,,,,underlie,,,,,,,,,,,,,,,,,,,,,,,,,,,,
WORD00210,device,,,device,,,,,,,,,,,,,,,,,,,,,,,,,,,,,,,
WORD00211,involved,,,,,,involved,,,,,,,,,,,,,,,,,,,,,,,,,,,,
WORD00212,civic,,,,,,,,,,,,,,,,,,,,,,,,,,,,,,,civic,,,
WORD00213,preventing,,,,,preventing,,,,,,,,,,,,,,,,,,,preventing,,,,,,,,,,
WORD00214,product,,,product,,,product,,,,,,,,,,,,,,,,,,,,,,,,,,,,
WORD00215,women,,,,women,,women,,,,,,,,,,,,,,,,,,,,,,,,,,,,
WORD00216,internationally,,,,,,internationally,,,,,,,,,,,,,,,,,,,,,,,,,,,,
WORD00217,tried,,,,,tried,,,,,,,,,,,,,,,,,,,,,,,,,,,,,
WORD00218,encoded,,,encoded,,,,,,,,,,,,,,,,,,,,,,,,,,,,,,,
WORD00219,easy,,,,,,easy,,,,,,,,,,,,,,,,,,,,,,,,,,,,
WORD00220,institute,,,,,,institute,,,,,,,,,,,,,,,,,,,,,,,,,,,,
WORD00221,developers,,,,,,developers,,,,,,,,,,,,,,,,,,,,,,,,,,,,
WORD00222,others,,,,,,others,,,,,,,,,,,,,,,,,,,,,,,,,,,,
WORD00223,card,,,,,,card,,,,,,,,,,,,,,,,,,,,,,,,,,,,
WORD00224,right,,,,,,right,,,,,,,,,,,,,,,,,,,,,,,,,,,,
WORD00225,updated,,,,,,updated,,,,,,,,,,,,,,,,,,,,,,,,,,,,
WORD00226,lived,,,,,,lived,,,,,,,,,,,,,,,,,,,,,,,,,,,,
WORD00227,within,,,,,,within,,,,,,,,,,,,,,,,,,,,,,,,,,,,
WORD00228,release,,,,,release,,,,,,,,,,,,,,,,,,,,,,,,,,,,,
WORD00229,see,,,,,see,see,,,,,,,,,,,,,,,,,,,,,,,,,,,,
WORD00230,convey,,,,,,convey,,,,,,,,,,,,,,,,,,,,,,,,,,,,
WORD00231,monitoring,,,,,monitoring,,,,,,,,,,,,,,monitoring,monitoring,monitoring,,,,,,,,,,,,,
WORD00232,relate,,,,,,relate,,,,,,,,,,,,,,,,,,,,,,,,,,,,
WORD00233,hosting,,,,,,hosting,,,,,,,,,,,,,,,,,,,,,,,,,,,,
WORD00234,modules,,,,,,modules,,,,,,,,,,,,,,,,,,,,,,,,,,,,
WORD00235,project,,,,,,project,,,,,,,,,,,,,,,,,,,,,,,,,,,,
WORD00236,leverages,,,,,leverages,,,,,,,,,,,,,,,,,,,,,,,,,,,,,
WORD00237,scoping,,,,,,scoping,,,,,,,,,,,,,,,,,,,,,,,,,,,,
WORD00238,arise,,,,,arise,,,,,,,,,,,,,,,,,,,,,,,,,,,,,
WORD00239,multi,,,,,,multi,,,,,,,,,,,,,,,,,,,,,,,,,,,,
WORD00240,japan,,,,,,japan,,,,,,,,,,,,,,,,,,,,,,,,,,,,
WORD00241,provides,,,,,provides,provides,,,,,,,,,,,,,,,,,,,,,,,,,,,,
WORD00242,studied,,,,,,studied,,,,,,,,,,,,,,,,,,,,,,,,,,,,
WORD00243,terms,,,,,,terms,,,,,,,,,,,,,,,,terms,,,,,,,,,,,,
WORD00244,june,,,,,,june,,,,,,,,,,,,,,,,,,,,,,,,,,,,
WORD00245,researcher,,,,,,researcher,,,,,,,,,,,,,,,,,,,,,,,,,,,,
WORD00246,aayog,,,,,,aayog,,,,,,,,,,,,,,,,,,,,,,,,,,,,
WORD00247,responses,,,,,,responses,,,,,,,,,,,,,,,,,,,,,,responses,,,,,,
WORD00248,define,,,,,define,,,,,,,,,,,,,,,,,,,,,,,,,,,,,
WORD00249,sign,,,,,,sign,,,,,,,,,,,,,,,,,,,,,,,,,,,,
WORD00250,distribution,,,,,,distribution,,,,,,,,,,,,,,,,,,,,,,,,,,,,
WORD00251,ai,ai,,ai,,,ai,,,,,,,,,,,,,,,,,,,,,,,,,,,,
WORD00252,incorporate,,,,,incorporate,,,,,,,,,,,,,,,,,,,,,,,,,,,,,
WORD00253,taxonomy,,,,,,,,,,,,,,,,,,,,,,,taxonomy,,,,,,,,,,,
WORD00254,map,,,,,,map,,,,,,,,,,,,,,,,,,,,,,,,,,,,
WORD00255,settings,,,,,,settings,,,,,,,,,,,,,,,,,,,,,,,,,,,,
WORD00256,marginalized,,,,,,marginalized,,,,,,,,marginalized,,,,,,,,,,,,,,,,,marginalized,,,
WORD00257,davis,,,,,,davis,,,,,,,,,,,,,,,,,,,,,,,,,,,,
WORD00258,powered,,,,,,powered,,,,,,,,,,,,,,,,,,,,,,,,,,,,
WORD00259,african,,,,,,african,,,,,,,,,,,,,,,,,,,,,,,,,,,,
WORD00260,blank,,,,,,blank,,,,,,,,,,,,,,,,,,,,,,,,,,,,
WORD00261,parts,,,,,,parts,,,,,,,,,,,,,,,,,,,,,,,,,,,,
WORD00262,fair,fair,,,,,,fair,,,,,,,,,,,,,,,,,,,,,,,,,,,
WORD00263,classification,,,,,,classification,,,,,,,,,,,,,,,,,,,,,,,,,,,,
WORD00264,advisor,,,,,,advisor,,,,,,,,,,,,,,,,,,,,,,,,,,,,
WORD00265,guardrails,,,,,,guardrails,,,,,guardrails,,,,,,,,,,,,,guardrails,,,,,,,,,,
WORD00266,friends,,,,friends,,,,,,,,,,,,,,,,,,,,,,,,,,,,,,
WORD00267,running,,,,,running,,,,,,,,,,,,,,,,,,,,,,,,,,,,,
WORD00268,design,,,,,design,design,,,,,,,,,,,,,,,,,,,,,,,,,,,,
WORD00269,general,,,,,,general,,,,,,,,,,,,,,,,,,,,,,,,,,,,
WORD00270,validate,,,,,validate,,,,,,,,,,,,,,,validate,,,,,,,,,,,,,,
WORD00271,become,,,,,,become,,,,,,,,,,,,,,,,,,,,,,,,,,,,
WORD00272,thinking,,,,,,thinking,,,,,,,,,,,,,,,,,,,,,,,,,,,,
WORD00273,privacy,privacy,,,,,,,,,privacy,,,,,,,,,,,,,,,,,,,,,,,,
WORD00274,material,,,,,,material,,,,,,,,,,,,,,,,,,,,,,,,,,,,
WORD00275,existence,,,,,,existence,,,,,,,,,,,,,,,,,,,,,,,,,,,,
WORD00276,tendency,,,,,,tendency,,,,,,,,,,,,,,,,,,,,,,,,,,,,
WORD00277,southern,,,,,,southern,,,,,,,,,,,,,,,,,,,,,,,,,,,,
WORD00278,provenance,,,,,,provenance,,provenance,,,,,,,,,,,,,,,,,,,,,,,,,,
WORD00279,pioneers,,,,,,pioneers,,,,,,,,,,,,,,,,,,,,,,,,,,,,
WORD00280,hyperlocal,,hyperlocal,,,,,,,,,,,,,,,,,,,,,,,,,,,,,,,,
WORD00281,represents,,,,,,represents,,,,,,,,,,,,,,,,,,,,,,,,,,,,
WORD00282,neutral,,,,,,neutral,,,,,,,,,,,,,,,,,,,,,,,,,,,,
WORD00283,initiative,,,,,,initiative,,,,,,,,,,,,,,,,,,,,,,,,,,,,
WORD00284,separate,,,,,,separate,,,,,,,,,,,,,,,,,,,,,,,,,,,,
WORD00285,apis,,,apis,,,,,,,,,,,,,,,,,,,,,,,,,,,,,,,
WORD00286,probe,,,,,,probe,,,,,,,,,,,,,,probe,,,,,,,,,,,,,,
WORD00287,standards,standards,,,,,standards,,standards,standards,,,,,,,,,standards,,,,,,,,,,,,,,,,
WORD00288,fellowships,,,,,,fellowships,,,,,,,,,,,,,,,,,,,,,,,,,,,,
WORD00289,ones,,,,,,ones,,,,,,,,,,,,,,,,,,,,,,,,,,,,
WORD00290,parti,,,parti,,,parti,,,,,,,,,,,,,,,,,,,,,,,,,,,,
WORD00291,quantum,,,quantum,,,,,,,,,,,,,,,,,,,,,,,,,,,,,,,
WORD00292,kitchen,,,,,,kitchen,,,,,,,,,,,,,,,,,,,,,,,,,,,,
WORD00293,interact,,,,,interact,,,,,,,,,,,,,,,,,,,,,,,,,,,,,
WORD00294,employees,,,,,,employees,,,,,,,,,,,,,,,,,,,,,,,,,,,,
WORD00295,insait,,,,,,insait,,,,,,,,,,,,,,,,,,,,,,,,,,,,
WORD00296,stated,,,,,,stated,,,,,,,,,,,,,,,,,,,,,,,,,,,,
WORD00297,maps,,,maps,,,maps,,,,,,,,,,,,,,,,,,,,,,,,,,,,
WORD00298,avoid,,,,,avoid,avoid,,,,,,,,,,,,,,,,,,avoid,avoid,,,,,,,,avoid,
WORD00299,externally,,,,,,externally,,,,,,,,,,,,,,,,,,,,,,,,,,,,
WORD00300,leverage,,,,,leverage,leverage,,,,,,,,,,,,,,,,,,,,,,,,,,,,
WORD00301,accurate,,,,,,accurate,,,,,,,,,,,,,,,,,,,,,,,,,,,,
WORD00302,exposure,,exposure,,,,,,,,,,,,,,,,,,,,,,,,,,,,,,,,
WORD00303,minority,,,,,,minority,,,,,,,,minority,minority,,,,,,,,,,,,,,,,,,,
WORD00304,emerges,,,,,,emerges,,,,,,,,,,,,,,,,,,,,,,,,,,,,
WORD00305,secure,,,,,,secure,,,,,,,,,,,,,,,,,,,,,,,,,,,,
WORD00306,impaired,,,,impaired,,,,,,,,,,,,impaired,,,,,,,,,,,,,,,,,,
WORD00307,voluntary,,,,,,,,,,,,,,,,,,,,,,,,,,,,,,,,,,voluntary
WORD00308,remediation,,,,,,remediation,,,,,,,,,,,,,,,,,,remediation,,,,,,,,,,
WORD00309,caused,,,,,caused,,,,,,,,,,,,,,,,,,,,,,,,,,,,,
WORD00310,enabling,,,,,enabling,enabling,,,,,,,,,,,,,,,,,,,,,,,,,,,,
WORD00311,thought,,,,,,thought,,,,,,,,,,,,,,,,,,,,,,,,,,,,
WORD00312,child,,,,,,child,,,,,,,,,,,,,,,,,,,,,,,,,,,,
WORD00313,interested,,,,,,interested,,,,,,,,,,,,,,,,,,,,,,,,,,,,
WORD00314,toxic,,toxic,,,,,,,,,toxic,,,,,,,,,,,,,,toxic,,,,,,,,,
WORD00315,reply,,,,,reply,,,,,,,,,,,,,,,,,,,,,,,,,,,,,
WORD00316,termed,,,,,,termed,,,,,,,,,,,,,,,,,,,,,,,,,,,,
WORD00317,various,,,,,,various,,,,,,,,,,,,,,,,,,,,,,,,,,,,
WORD00318,practice,,,,,practice,practice,,,,,,,,,,,,,,,,,,,,,,,,,,,,
WORD00319,adversarial,,adversarial,adversarial,,,,,,,,adversarial,,,,,,,,,,,,,,,,,,,,,,,
WORD00320,joining,,,,,joining,,,,,,,,,,,,,,,,,,,,,,,,,,,,,
WORD00321,thoughtful,,,,,,thoughtful,,,,,,,,,,,,,,,,,,,,,,,,,,,,
WORD00322,coaxed,,,,,coaxed,,,,,,,,,,,,,,,,,,,,,,,,,,,,,
WORD00323,addressing,,,,,addressing,addressing,,,,,,,,,,,,,,,,,,addressing,,,,,,,,,,
WORD00324,career,,,,,,career,,,,,,,,,,,,,,,,,,,,,,,,,,,,
WORD00325,mistakes,,mistakes,,,,,,,,,,,,,,,,,,,,,,,mistakes,,,,,,,,,
WORD00326,impact,,,,,,impact,,,,,,,,,,,,,,,,,,,,,,,,,impact,,,
WORD00327,legislation,,,,,,,,,,,,,,,,,,legislation,,,,,,,,,,,,,,,,
WORD00328,go,,,,,go,go,,,,,,,,,,,,,,,,,,,,,,,,,,,,
WORD00329,north,,,,,,north,,,,,,,,,,,,,,,,,,,,,,,,,,,,
WORD00330,incomplete,,incomplete,,,,,,,,,,,,,,,,,,,,,,,,,,,,,,,,
WORD00331,like,,,,,,like,,,,,,,,,,,,,,,,,,,,,,,,,,,,
WORD00332,table,,,,,,table,,,,,,,,,,,,,,,,,,,,,,,,,,,,
WORD00333,mandatory,,,,,,mandatory,,,,,,,,,,,,,,,,,,,,,,,,,,,,
WORD00334,discrimination,,discrimination,,,,,discrimination,,,,,,,,,,discrimination,,,,,,,,,,,,,,discrimination,,,
WORD00335,normal,,,,,,normal,,,,,,,,,,,,,,,,,,,,,,,,,,,,
WORD00336,onboarding,,,,,,onboarding,,,,,,,,,,,,,,,,,,,,,,,,,,,,
WORD00337,focused,,,,,,focused,,,,,,,,,,,,,,,,,,,,,,,,,,,,
WORD00338,entry,,,,,,entry,,,,,,,,,,,,,,,,,,,,,,,,,,,,
WORD00339,tested,,,,,tested,tested,,,,,,,,,,,,,,tested,,,,,,,,,,,,,,
WORD00340,imagery,,,imagery,,,,,,,,,,,,,,,,,,,,,,,,,,,,,,,
WORD00341,current,,,,,,current,,,,,,,,,,,,,,,,,,,,,,,,,,,,
WORD00342,adjust,,,,,adjust,,,,,,,,,,,,,,,,,,,adjust,,,,,,,,,,
WORD00343,business,,,,,,business,,,,,,,,,,,,,,,,,,,,,,,,,,,,
WORD00344,de,,,,,,de,,,,,,,,,,,,,,,,,,,,,,,,,,,,
WORD00345,seeking,,,,,seeking,,,,,,,,,,,,,,,,,,,,,,,,,,,,,
WORD00346,market,,,,,,market,,,,,,,,,,,,,,,,,,,,,,,,,,,,
WORD00347,accelerate,,,,,accelerate,accelerate,,,,,,,,,,,,,,,,,,,,,,,,,,,,
WORD00348,kinds,,,,,,kinds,,,,,,,,,,,,,,,,,,,,,,,,,,,,
WORD00349,tradition,,,,,,tradition,,,,,,,,,,,,,,,,,,,,,,,,,,,,
WORD00350,beyond,,,,,,beyond,,,,,,,,,,,,,,,,,,,,,,,,,,,,
WORD00351,undermining,,undermining,,,,,,,,,,,,,,,,,,,,,,,,,,,,,,,,
WORD00352,enabled,,,,,,enabled,,,,,,,,,,,,,,,,,,,,,,,,,,,,
WORD00353,defining,,,,,defining,,,,,,,,,,,,,,,,,,,,,,,,,,,,,
WORD00354,focuses,,,,,focuses,focuses,,,,,,,,,,,,,,,,,,,,,,,,,,,,
WORD00355,discover,,,,,discover,,,,,,,,,,,,,,,,,,,,,,,,,,,,,
WORD00356,perceived,,,,,,perceived,,,,,,,,,,,,,,,,,,,,,,,,,,,,
WORD00357,taking,,,,,taking,taking,,,,,,,,,,,,,,,,,,,,,,,,,,,,
WORD00358,turtleneck,,,,,,turtleneck,,,,,,,,,,,,,,,,,,,,,,,,,,,,
WORD00359,oppressive,,oppressive,,,,,,,,,,,,,,,,,,,,,,,,,,,,,,,,
WORD00360,large,,,,,,large,,,,,,,,,,,,,,,,,,,,,,,,,,,,
WORD00361,translating,,,,,,translating,,,,,,,,,,,,,,,,,,,,,,,,,,,,
WORD00362,identifying,,,,,identifying,identifying,,,,identifying,,,,,,,,,,,identifying,,,,,,,,,,,,,
WORD00363,permission,,,,,,permission,,,,,,,,,,,,,,,,,,,,,,,,,,,,
WORD00364,centers,,,,,,centers,,,,,,,,,,,,,,,,,,,,,,,,,,,,
WORD00365,explicitly,,,,,,explicitly,,,,,,,,,,,,,,,,,,,,,,,,,,,,
WORD00366,manager,,,,,,manager,,,,,,,,,,,,,,,,,,,,,,,,,,,,
WORD00367,phases,,,,,,phases,,,,,,,,,,,,,,,,,,,,,,,,,,,,
WORD00368,sociology,,,,,,sociology,,,,,,,,,,,,,,,,,,,,,,,,,,,,
WORD00369,suggestions,,,,,,suggestions,,,,,,,,,,,,,,,,,,,,,,suggestions,,,,,,
WORD00370,safer,,,,,,safer,,,,,,,,,,,,,,,,,,,,,,,,,,,,
WORD00371,collect,,,,,collect,,,,,,,,,,,,,,,,,,,,,,,,,,,,,
WORD00372,upon,,,,,,upon,,,,,,,,,,,,,,,,,,,,,,,,,,,,
WORD00373,aloud,,,,,,aloud,,,,,,,,,,,,,,,,,,,,,,,,,,,,
WORD00374,socially,,,,,,socially,,,,,,socially,,,,,,,,,,,,,,,,,,,,,,
WORD00375,evaluate,,,,,evaluate,evaluate,,,,,,,,,,,,,evaluate,evaluate,,,,,,,,,,,,,,
WORD00376,deciding,,,,,deciding,,,,,,,,,,,,,,,,,,,,,,,,,,,,,
WORD00377,week,,,,,,week,,,,,,,,,,,,,,,,,,,,,,,,,,,,
WORD00378,development,,,,,,development,,,,,,,,,,,,,,,,,,,,,,,,,,,,
WORD00379,disagreement,,,,,,disagreement,,,,,,,,,,,,,,,,,,,,,,,,,,,,
WORD00380,mostly,,,,,,mostly,,,,,,,,,,,,,,,,,,,,,,,,,,,,
WORD00381,practical,,,,,,practical,,,,,,,,,,,,,,,,,,,,,,,,,,,,
WORD00382,shades,,,,shades,,,,,,,,,,,,,,,,,,,,,,,,,,,,,,
WORD00383,cvpr,,,cvpr,,,,,,,,,,,,,,,,,,,,,,,,,,,,,,,
WORD00384,violent,,violent,,,,,,,,,,,,,,,,,,,,,,,,,,,,,,,,
WORD00385,misuse,,misuse,,,,,,,,,,,,,,,,,,,,,,,,,,,,,,,,
WORD00386,apac,,,,,,apac,,,,,,,,,,,,,,,,,,,,,,,,,,,,
WORD00387,tracing,,,,,,tracing,,,,,,,,,,,,,,,,,,,,,,,,,,,,
WORD00388,example,,,,,,example,,,,,,,,,,,,,,,,,,,,,,,,,,,,
WORD00389,page,,,,,,page,,,,,,,,,,,,,,,,,,,,,,,,,,,,
WORD00390,additional,,,,,,additional,,,,,,,,,,,,,,,,,,,,,,,,,,,,
WORD00391,disappointment,,disappointment,,,,,,,,,,,,,,,,,,,,,,,,,,disappointment,,,,,,
WORD00392,integrity,integrity,,,,,,,,integrity,,,,integrity,,,,,,,,,,,,,,,,,,,,,
WORD00393,variations,,,,,,variations,,,,,,,,,,,,,,,,,,,,,,,,,,,,
WORD00394,exciting,,,,,,exciting,,,,,,,,,,,,,,,,,,,,,,,,,,,,
WORD00395,consumer,,,,,,consumer,,,,,,,,,,,,,,,,,,,,,,,,,,,,
WORD00396,diffusion,,,diffusion,,,,,,,,,,,,,,,,,,,,,,,,,,,,,,,
WORD00397,adjusting,,,,,adjusting,,,,,,,,,,,,,,,,,,,,,,,,,,,,,
WORD00398,involve,,,,,,involve,,,,,,,,,,,,,,,,,,,,,,,,,,,,
WORD00399,filter,,,,,filter,,,,,,filter,,,,,,,,,,filter,,,,,,,,,,,,,
WORD00400,expert,,,,,,expert,,,,,,,,,,,,,,,,,,,,,,,,,,,,
WORD00401,systematic,,,,,,systematic,,,,,,,,,,,,,,,,,,,,,,,,,,,,
WORD00402,accomplish,,,,,accomplish,,,,,,,,,,,,,,,,,,,,,,,,,,,,,
WORD00403,input,,,input,,,input,,,,,,,,,,,,,,,,,,,,,,,,,,,,
WORD00404,israeli,,,,,,israeli,,,,,,,,,,,,,,,,,,,,,,,,,,,,
WORD00405,organizational,,,,,,organizational,,,,,,,,,,,,,,,,,,,,,,,,,,,,
WORD00406,essential,,,,,,essential,,,,,,,,,,,,,,,,,,,,,,,,,,,,
WORD00407,approaches,,,,,,approaches,,,,,,,,,,,,,,,,,,,,,,,,,,,,
WORD00408,uphold,uphold,,,,uphold,,,,,,,,,,,,,,,,,,,,,,,,,,,,,
WORD00409,harm_prevention,,harm_prevention,,,,,,,,,harm_prevention,,,,,,,,,,,,,harm_prevention,harm_prevention,,,,,,,,,
WORD00410,constitute,,,,,,constitute,,,,,,,,,,,,,,,,,,,,,,,,,,,,
WORD00411,bringing,,,,,bringing,,,,,,,,,,,,,,,,,,,,,,,,,,,,,
WORD00412,flaws,,,,,,,,,,,,,,,,,,,,,,,flaws,,,,,,,,,,,
WORD00413,personal,,,,,,personal,,,,personal,,,,,,,,,,,,,,,,,,,,,,,,
WORD00414,advisory,,,,,,advisory,,,,,,,,,,,,,,,,,,,,,,,,,,,,
WORD00415,california,,,,,,california,,,,,,,,,,,,,,,,,,,,,,,,,,,,
WORD00416,baselines,,,,,,baselines,,,,,,,,,,,,,,,,,,,,,,,,,,,,
WORD00417,task,,,,,,task,,,,,,,,,,,,,,,,,,,,,,,,,,,,
WORD00418,feedback,,,,,,feedback,,,,,,,,,,,,,,,,,,,,,feedback,feedback,,,,,,
WORD00419,papers,,,,,,papers,,,,,,,,,,,,,,,,papers,,,,,,,,,,,,
WORD00420,upcoming,,,,,,upcoming,,,,,,,,,,,,,,,,,,,,,,,,,,,,
WORD00421,additionally,,,,,,additionally,,,,,,,,,,,,,,,,,,,,,,,,,,,,
WORD00422,processing,,,processing,,,,,,,,,,,,,,,,,,,,,,,,,,,,,,,
WORD00423,resources,,,,,,resources,,,,,,,,,,,,,,,,,,,,,,,,,,,,
WORD00424,center,,,,,,center,,,,,,,,,,,,,,,,,,,,,,,,,,,,
WORD00425,concerns,,concerns,,,,concerns,,,,,,,,,,,,,,,,,concerns,,,,,,,,,,,
WORD00426,trustworthiness,,,,,,trustworthiness,,,,,trustworthiness,,,,,,,,,,,,,,,,,,,,,,,
WORD00427,human rights,human rights,,,,,,,,,,,,,,,,,,,,,,,,,,,,,,,,,
WORD00428,computer,,,computer,,,computer,,,,,,,,,,,,,,,,,,,,,,,,,,,,
WORD00429,prepare,,,,,prepare,,,,,,,,,,,,,,,,,,,,,,,,,,,,,
WORD00430,make,,,,,make,make,,,,,,,,,,,,,,,,,,,,,,,,,,,,
WORD00431,achieve,,,,,achieve,,,,,,,,,,,,,,,,,,,,,,,,,,,,,
WORD00432,high,,,,,,high,,,,,,,,,,,,,,,,,,,,,,,,,,,,
WORD00433,differences,,,,,,differences,,,,,,,,,,,,,,,,,,,,,,,,,,,,
WORD00434,cosmetic,,,,,,cosmetic,,,,,,,,,,,,,,,,,,,,,,,,,,,,
WORD00435,algorithmic,,,algorithmic,,,,,,,,,,,,,,,,,,,,,,,,,,,,,,,
WORD00436,never,,,,,,never,,,,,,,,,,,,,,,,,,,,,,,,,,,,
WORD00437,geena,,,,,,geena,,,,,,,,,,,,,,,,,,,,,,,,,,,,
WORD00438,assessment,,,,,,assessment,,,,,,,,,,,,,assessment,assessment,,,,,,,,,,,,,,
WORD00439,records,,,,,,,,,,,,,,,,,,,,,,records,,,,,,,,,,,,
WORD00440,option,,,,,,option,,,,,,,,,,,,,,,,,,,,,,,,,,,,
WORD00441,directly,,,,,,directly,,,,,,,,,,,,,,,,,,,,,,,,,,,,
WORD00442,refer,,,,,,refer,,,,,,,,,,,,,,,,,,,,,,,,,,,,
WORD00443,prioritize,,,,,prioritize,prioritize,,,,,,,,,,,,,,,,,,,,,,,,,,,,
WORD00444,company,,,,,,company,,,,,,,,,,,,,,,,,,,,,,,,,,,,
WORD00445,investing,,,,,investing,,,,,,,,,,,,,,,,,,,,,,,,,,,,,
WORD00446,subjects,,,,subjects,,subjects,,,,,,,,,,,,,,,,,,,,,,,,,,,,
WORD00447,stereotyping,,stereotyping,,,,,stereotyping,,,,,,,,,,,,,,,,,,,,,,,,,,,
WORD00448,view,,,,,,view,,,,,,,,,,,,,,,,,,,,,,,,,,,,
WORD00449,rules,,,,,,rules,,,,,,,,,,,,,,,,,,,,,,,,,,,,
WORD00450,purposes,,,,,,purposes,,,,,,,,,,,,,,,,,,,,,,,,,,,,
WORD00451,framework,,,,,,framework,,,,,,,,,,,,framework,,,,framework,,framework,,,,,,,,,,
WORD00452,recognize,,,,,recognize,,,,,,,,,,,,,,,,,,,,,,,,,,,,,
WORD00453,style,,,,,,style,,,,,,,,,,,,,,,,,,,,,,,,,,,,
WORD00454,blur,,,,,,blur,,,,,,,,,,,,,,,,,,blur,,,,,,,,,,
WORD00455,conditions,,,,,,conditions,,,,,,,,,,,,,,,,,,,,,,,,,,,,
WORD00456,valuable,,,,,,valuable,,,,,,,,,,,,,,,,,,,,,,,,,,,,
WORD00457,works,,,,,works,works,,,,,,,,,,,,,,,,,,,,,,,,,,,,
WORD00458,distributions,,,,,,distributions,,,,,,,,,,,,,,,,,,,,,,,,,,,,
WORD00459,services,,,services,,,services,,,,,,,,,,,,,,,,,,,,,,,,,,,,
WORD00460,unduly,,,,,,unduly,,,,,,,,,,,,,,,,,,,,,,,,,,,,
WORD00461,applied,,,,,applied,applied,,,,,,,,,,,,,,,,,,,,,,,,,,,,
WORD00462,impacting,,,,,impacting,,,,,,,,,,,,,,,,,,,,,,,,,,,,,
WORD00463,felt,,,,,,felt,,,,,,,,,,,,,,,,,,,,,,,,,,,,
WORD00464,perform,,,,,perform,,,,,,,,,,,,,,,,,,,,,,,,,,,,,
WORD00465,far,,,,,,far,,,,,,,,,,,,,,,,,,,,,,,,,,,,
WORD00466,puzzles,,,,,,puzzles,,,,,,,,,,,,,,,,,,,,,,,,,,,,
WORD00467,purpose,,,,,,purpose,,,,,,,,,,,,,,,,,,,,,,,,,,,,
WORD00468,images,,,images,,,images,,,,,,,,,,,,,,,,,,,,,,,,,,,,
WORD00469,embedding,,,embedding,,,embedding,,,,,,,,,,,,,,,,,,,,,,,,,,,,
WORD00470,showed,,,,,,showed,,,,,,,,,,,,,,,,,,,,,,,,,,,,
WORD00471,continued,,,,,,continued,,,,,,,,,,,,,,,,,,,,,,,,,,,,
WORD00472,courses,,,,,,courses,,,,,,,,,,,,,,,,,,,,,,,,,,courses,,
WORD00473,precedent,,,,,,precedent,,,,,,,,,,,,,,,,,,,,,,,,,,,,
WORD00474,grantees,,,,,,grantees,,,,,,,,,,,,,,,,,,,,,,,,,,,,
WORD00475,recorder,,,recorder,,,,,,,,,,,,,,,,,,,,,,,,,,,,,,,
WORD00476,playbook,,,,,,playbook,,playbook,,,,,,,,,,,,,,playbook,,,,,,,,,,,,
WORD00477,cohort,,,,,,cohort,,,,,,,,,,,,,,,,,,,,,,,,,,,,
WORD00478,weighed,,,,,weighed,,,,,,,,,,,,,,,,,,,,,,,,,,,,,
WORD00479,trained,,,,,trained,trained,,,,,,,,,,,,,,,,,,,,,,,,,,,,
WORD00480,careers,,,,,,careers,,,,,,,,,,,,,,,,,,,,,,,,,,,,
WORD00481,announced,,,,,announced,announced,,,,,,,,,,,,,,,,,,,,,,,,,,,,
WORD00482,manner,,,,,,manner,,,,,,,,,,,,,,,,,,,,,,,,,,,,
WORD00483,operators,,,,,,operators,,,,,,,,,,,,,,,,,,,,,,,,,,,,
WORD00484,reaching,,,,,,reaching,,,,,,,,,,,,,,,,,,,,,,,,,,,,
WORD00485,explosion,,,,,,explosion,,,,,,,,,,,,,,,,,,,,,,,,,,,,
WORD00486,channels,,,,,,channels,,,,,,,,,,,,,,,,,,,,,,,,,,,,
WORD00487,strategy,,,,,,strategy,,,,,,,,,,,,,,,,,,,,,,,,,,,,
WORD00488,decade,,,,,,decade,,,,,,,,,,,,,,,,,,,,,,,,,,,,
WORD00489,curated,,,,,,curated,,,,,,,,,,,,,,,,,,,,,,,,,,,,
WORD00490,chrome,,,chrome,,,chrome,,,,,,,,,,,,,,,,,,,,,,,,,,,,
WORD00491,population,,,,,,population,,,,,,,,,,,,,,,,,,,,,,,,,,,,
WORD00492,veterans,,,,veterans,,,,,,,,,,,,,,,,,,,,,,,,,,,,,,
WORD00493,skills,,,,skills,,skills,,,,,,,,,,,,,,,,,,,,,,,,,,,,
WORD00494,inaugural,,,,,,inaugural,,,,,,,,,,,,,,,,,,,,,,,,,,,,
WORD00495,shifting,,,,,shifting,,,,,,,,,,,,,,,,,,,,,,,,,,,,,
WORD00496,spanish,,,,,,spanish,,,,,,,,,,,,,,,,,,,,,,,,,,,,
WORD00497,expand,,,,,expand,,,,,,,,,,,,,,,,,,,,,,,,,,,,,
WORD00498,therefore,,,,,,therefore,,,,,,,,,,,,,,,,,,,,,,,,,,,,
WORD00499,serious,,serious,,,,,,,,,,,,,,,,,,,,,,,,,,,,,,,,
WORD00500,main,,,,,,main,,,,,,,,,,,,,,,,,,,,,,,,,,,,
WORD00501,illustrated,,,,,,illustrated,,,,,,,,,,,,,,,,,,,,,,,,,,,,
WORD00502,particularly,,,,,,particularly,,,,,,,,,,,,,,,,,,,,,,,,,,,,
WORD00503,indiscriminate,,,,,,indiscriminate,,,,,,,,,,,,,,,,,,,,,,,,,,,,
WORD00504,determining,,,,,,determining,,,,,,,,,,,,,,,,,,,,,,,,,,,,
WORD00505,comparing,,,,,comparing,,,,,,,,,,,,,,,,,,,,,,,,,,,,,
WORD00506,hindi,,,,,,hindi,,,,,,,,,,,,,,,,,,,,,,,,,,,,
WORD00507,taught,,,,,,taught,,,,,,,,,,,,,,,,,,,,,,,,,,,,
WORD00508,american,,,,,,american,,,,,,,,,,,,,,,,,,,,,,,,,,,,
WORD00509,chief,,,,,,chief,,,,,,,,,,,,,,,,,,,,,,,,,,,,
WORD00510,societal impact,,,,,,,,,,,,,,,,,,,,,,,,,,,,,,,societal impact,,,
WORD00511,passages,,,,,,passages,,,,,,,,,,,,,,,,,,,,,,,,,,,,
WORD00512,accessible,,,,,,accessible,,,,,,,,,,accessible,,,,,,,,,,,,,,,,,,
WORD00513,multimodal,,,multimodal,,,,,,,,,,,,,,,,,,,,,,,,,,,,,,,
WORD00514,scripted,,,,,,scripted,,,,,,,,,,,,,,,,,,,,,,,,,,,,
WORD00515,reskilling,,,,,,,,,,,,,,,,,,,,,,,,,,,,,,,,reskilling,,
WORD00516,technologies,,,technologies,,,,,,,,,,,,,,,,,,,,,,,,,,,,,,,
WORD00517,case,,,,,,case,,,,,,,,,,,,,,,,,,,,,,,,,,,,
WORD00518,bring,,,,,bring,,,,,,,,,,,,,,,,,,,,,,,,,,,,,
WORD00519,analytics,,,analytics,,,,,,,,,,,,,,,,,,,,,,,,,,,,,,,
WORD00520,sentence,,,,,,sentence,,,,,,,,,,,,,,,,,,,,,,,,,,,,
WORD00521,bulgarian,,,,,,bulgarian,,,,,,,,,,,,,,,,,,,,,,,,,,,,
WORD00522,showcases,,,,,,showcases,,,,,,,,,,,,,,,,,,,,,,,,,,,,
WORD00523,change,,,,,,change,,,,,,,,,,,,,,,,,,,,,,,,,,,,
WORD00524,tech,,,tech,,,tech,,,,,,,,,,,,,,,,,,,,,,,,,,,,
WORD00525,along,,,,,,along,,,,,,,,,,,,,,,,,,,,,,,,,,,,
WORD00526,practicing,,,,,practicing,,,,,,,,,,,,,,,,,,,,,,,,,,,,,
WORD00527,laboratory,,,,,,laboratory,,,,,,,,,,,,,,,,,,,,,,,,,,,,
WORD00528,wired,,,,,,wired,,,,,,,,,,,,,,,,,,,,,,,,,,,,
WORD00529,diverse,,,,diverse,,diverse,diverse,,,,,,,diverse,diverse,,,,,,,,,,,,,,,,,,,
WORD00530,created,,,,,created,,,,,,,,,,,,,,,,,,,,,,,,,,,,,
WORD00531,stakeholder,,,,,,stakeholder,,,,,,,,,,,,,,,,,,,,stakeholder,,,,,,,,
WORD00532,multiple,,,,,,multiple,,,,,,,,,,,,,,,,,,,,,,,,,,,,
WORD00533,seems,,,,,,seems,,,,,,,,,,,,,,,,,,,,,,,,,,,,
WORD00534,curriculum,,,,,,curriculum,,,,,,,,,,,,,,,,,,,,,,,,,,curriculum,,
WORD00535,selected,,,,,,selected,,,,,,,,,,,,,,,,,,,,,,,,,,,,
WORD00536,generating,,,,,generating,generating,,,,,,,,,,,,,,,,,,,,,,,,,,,,
WORD00537,blurring,,,,,,blurring,,,,,,,,,,,,,,,,,,,,,,,,,,,,
WORD00538,inform,,,,,inform,inform,,,,,,,,,,,,,,,,,,,,,,,,,,,,
WORD00539,workflows,,,,,,workflows,,,,,,,,,,,,,,,,,,,,,,,,,,,,
WORD00540,mind,,,,mind,,mind,,,,,,,,,,,,,,,,,,,,,,,,,,,,
WORD00541,work,,,,work,work,work,,,,,,,,,,,,,,,,,,,,,,,,,,,,
WORD00542,found,,,,,found,found,,,,,,,,,,,,,,,,,,,,,,,,,,,,
WORD00543,without,,,,,,without,,,,,,,,,,,,,,,,,,,,,,,,,,,,
WORD00544,treated,,,,,,treated,,,,,,,,,,,,,,,,,,,,,,,,,,,,
WORD00545,degradation,,degradation,,,,,,,,,,,,,,,,,,,,,,,,,,,,,,,,
WORD00546,expanded,,,,,,expanded,,,,,,,,,,,,,,,,,,,,,,,,,,,,
WORD00547,dozens,,,,,,dozens,,,,,,,,,,,,,,,,,,,,,,,,,,,,
WORD00548,refers,,,,,,refers,,,,,,,,,,,,,,,,,,,,,,,,,,,,
WORD00549,datasheet,,,,,,datasheet,,datasheet,,,,,,,,,,,,,,datasheet,,,,,,,,,,,,
WORD00550,shared,,,,,shared,,,,,,,,,,,,,,,,,,,,,shared,,,,,,,,
WORD00551,consistently,,,,,,consistently,,,,,,,,,,,,,,,,,,,,,,,,,,,,
WORD00552,across,,,,,,across,,,,,,,,,,,,,,,,,,,,,,,,,,,,
WORD00553,brand,,,,,,brand,,,,,,,,,,,,,,,,,,,,,,,,,,,,
WORD00554,technical,,,technical,,,technical,,,,,,,,,,,,,,,,,,,,,,,,,,,,
WORD00555,brings,,,,,,brings,,,,,,,,,,,,,,,,,,,,,,,,,,,,
WORD00556,survey,,,,,,survey,,,,,,,,,,,,,,,,,,,,,,,,,,,,
WORD00557,components,,,,,,components,,,,,,,,,,,,,,,,,,,,,,,,,,,,
WORD00558,entertainment,,,,,,entertainment,,,,,,,,,,,,,,,,,,,,,,,,,,,,
WORD00559,drive,,,,,drive,,,,,,,,,,,,,,,,,,,,,,,,,,,,,
WORD00560,limit,,,,,,limit,,,,,,,,,,,,,,,,,,,,,,,,,,,limit,limit
WORD00561,extra,,,,,,extra,,,,,,,,,,,,,,,,,,,,,,,,,,,,
WORD00562,overall,,,,,,overall,,,,,,,,,,,,,,,,,,,,,,,,,,,,
WORD00563,outweighs,,,,,,outweighs,,,,,,,,,,,,,,,,,,,,,,,,,,,,
WORD00564,earth,,,earth,,,,,,,,,,,,,,,,,,,,,,,,,,,,,,,
WORD00565,day,,,,day,,day,,,,,,,,,,,,,,,,,,,,,,,,,,,,
WORD00566,build,,,,,build,,,,,,,,,,,,,,,,,,,,,,,,,,,,,
WORD00567,develop,,,,,develop,,,,,,,,,,,,,,,,,,,,,,,,,,,,,
WORD00568,automate,,,,,automate,,,,,,,,,,,,,,,,,,,,,,,,,,,,,
WORD00569,tensions,,,,,,tensions,,,,,,,,,,,,,,,,,tensions,,,,,,,,,,,
WORD00570,shown,,,,,,shown,,,,,,,,,,,,,,,,,,,,,,,,,,,,
WORD00571,hope,,,,,,hope,,,,,,,,,,,,,,,,,,,,,,,,,,,,
WORD00572,council,,,,,,council,,,council,,,,,,,,,council,council,,,,,,,,,,,,,,,
WORD00573,makeup,,,,,,makeup,,,,,,,,,,,,,,,,,,,,,,,,,,,,
WORD00574,lit,,,,,,lit,,,,,,,,,,,,,,,,,,,,,,,,,,,,
WORD00575,delete,,,,,delete,,,,,,,,,,,,,,,,,,,,,,,,,,,,,
WORD00576,questionnaire,,,,,,questionnaire,,,,,,,,,,,,,,,,,,,,,,questionnaire,,,,,,
WORD00577,conversations,,,,,,conversations,,,,,,,,,,,,,,,,,,,,,conversations,,,,,,,
WORD00578,self,,,,,,self,,,,,,,,,,,,,,,,,,,,,,,,,,,,
WORD00579,photorealistic,,,photorealistic,,,,,,,,,,,,,,,,,,,,,,,,,,,,,,,
WORD00580,weapons,,,,,,weapons,,,,,,,,,,,,,,,,,,,,,,,,,,,,
WORD00581,originally,,,,,,originally,,,,,,,,,,,,,,,,,,,,,,,,,,,,
WORD00582,comprehensively,,,,,,comprehensively,,,,,,,,,,,,,,,,,,,,,,,,,,,,
WORD00583,serve,,,,,serve,serve,,,,,,,,,,,,,,,,,,,,,,,,,,,,
WORD00584,production,,,,,,production,,,,,,,,,,,,,,,,,,,,,,,,,,,,
WORD00585,minimum,,,,,,minimum,,,,,,,,,,,,,,,,,,,,,,,,,,,,
WORD00586,way,,,,,,way,,,,,,,,,,,,,,,,,,,,,,,,,,,,
WORD00587,africa,,,,,,africa,,,,,,,,,,,,,,,,,,,,,,,,,,,,
WORD00588,offerings,,,,,,offerings,,,,,,,,,,,,,,,,,,,,,,,,,,,,
WORD00589,relationships,,,,,,relationships,,,,,,,,,,,,,,,,,,,,,,,,,,,,
WORD00590,job,,,,,,job,,,,,,,,,,,,,,,,,,,,,,,,,,,,
WORD00591,get,,,,,get,get,,,,,,,,,,,,,,,,,,,,,,,,,,,,
WORD00592,broad,,,,,,broad,,,,,,,,,,,,,,,,,,,,,,,,,,,,
WORD00593,frequency,,,,,,frequency,,,,,,,,,,,,,,,,,,,,,,,,,,,,
WORD00594,discovery,,,,,,discovery,,,,,,,,,,,,,,,,,,,,,,,,,,,,
WORD00595,specializes,,,,,,specializes,,,,,,,,,,,,,,,,,,,,,,,,,,,,
WORD00596,state,,,,,,state,,,,,,,,,,,,,,,,,,,,,,,,,,,,
WORD00597,improve,,,,,improve,,,,,,,improve,,,,,,,,,,,,,,,,,,,,,,
WORD00598,respecting,,,,,,respecting,,,,,,,,,,,,,,,,,,,,,,,,,,,,
WORD00599,near,,,,,,near,,,,,,,,,,,,,,,,,,,,,,,,,,,,
WORD00600,want,,,,,want,,,,,,,,,,,,,,,,,,,,,,,,,,,,,
WORD00601,facts,,,,,,facts,,,,,,,,,,,,,,,,,,,,,,,,,,,,
WORD00602,update,,,,,update,update,,,,,,,,,,,,,,,,update,,,,,,,,,,,,
WORD00603,explicit,,,,,,explicit,,,,,,,explicit,,,,,,,,,,,,,,,,,,,,,
WORD00604,free,,,,,,free,,,,,,,,,,,,,,,,,,,,,,,,,,,,
WORD00605,mobilize,,,,,mobilize,,,,,,,,,,,,,,,,,,,,,,,,,,,,,
WORD00606,fund,,,,,,fund,,,,,,,,,,,,,,,,,,,,,,,,,,,,
WORD00607,next,,,,,,next,,,,,,,,,,,,,,,,,,,,,,,,,,,,
WORD00608,function,,,,,,function,,,,,,,,,,,,,,,,,,,,,,,,,,,,
WORD00609,mass,,,,,,mass,,,,,,,,,,,,,,,,,,,,,,,,,,,,
WORD00610,reviews,,,,,,reviews,,,,,,,,,,,,,reviews,,,,,,,,,,,,,,,
WORD00611,thus,,,,,,thus,,,,,,,,,,,,,,,,,,,,,,,,,,,,
WORD00612,trustworthy,trustworthy,,,,,,,,,,,,,,,,,,,,,,,,,,,,,,,,,
WORD00613,sent,,,,,sent,,,,,,,,,,,,,,,,,,,,,,,,,,,,,
WORD00614,information,,,information,,,information,,information,,information,,,,,,,,,,,,,,,,,,,,,,,,
WORD00615,recently,,,,,,recently,,,,,,,,,,,,,,,,,,,,,,,,,,,,
WORD00616,error,,error,,,,error,,,,,,,,,,,,,,,,,,,,,,,,,,,,
WORD00617,rates,,,,,,rates,,,,,,,,,,,,,,,,,,,,,,,,,,,,
WORD00618,driven,,,,,,driven,,,,,,,,,,,,,,,,,,,,,,,,,,,,
WORD00619,poor,,poor,,,,poor,,,,,,,,,,,,,,,,,,,,,,,,,,,,
WORD00620,collaborate,,,,,collaborate,,,,,,,,,,,,,,,,,,,,,collaborate,,,,,,,,
WORD00621,competition,,,,,,competition,,,,,,,,,,,,,,,,,,,,,,,,,,,,
WORD00622,seeing,,,,,,seeing,,,,,,,,,,,,,,,,,,,,,,,,,,,,
WORD00623,factors,,,,,,factors,,,,,,,,,,,,,,,,,,,,,,,,,,,,
WORD00624,plates,,,,,,plates,,,,,,,,,,,,,,,,,,,,,,,,,,,,
WORD00625,responsibly,responsibly,,,,,responsibly,,,,,,,,,,,,,,,,,,,,,,,,,,,,
WORD00626,surveillance,,surveillance,surveillance,,,surveillance,,,,surveillance,,,,,,,,,,,surveillance,,,,,,,,,,,,,
WORD00627,approved,,,,,,approved,,,,,,,,,,,,,,,,,,,,,,,,,,,,
WORD00628,hub,,,,,,hub,,,,,,,,,,,,,,,,,,,,,,,,,,,,
WORD00629,old,,,,,,old,,,,,,,,,,,,,,,,,,,,,,,,,,,,
WORD00630,special,,,,,,special,,,,,,,,,,,,,,,,,,,,,,,,,,,,
WORD00631,potential,,,,potential,,potential,,,,,,potential,,,,,,,,,,,potential,,,,,,,potential,,,,
WORD00632,overnment,,,,,,overnment,,,,,,,,,,,,,,,,,,,,,,,,,,,,
WORD00633,datacardsplaybook,,,,,,datacardsplaybook,,,,,,,,,,,,,,,,,,,,,,,,,,,,
WORD00634,fine,,,,,,fine,,,,,,,,,,,,,,,,,,,,,,,,,,,,
WORD00635,events,,,,,,events,,,,,,,,,,,,,,,,,,,,,,,,,,,,
WORD00636,lighter,,,,,,lighter,,,,,,,,,,,,,,,,,,,,,,,,,,,,
WORD00637,twenty,,,,,,twenty,,,,,,,,,,,,,,,,,,,,,,,,,,,,
WORD00638,stage,,,,,,stage,,,,,,,,,,,,,,,,,,,,,,,,,,,,
WORD00639,music,,,music,,,,,,,,,,,,,,,,,,,,,,,,,,,,,,,
WORD00640,domain,,,,,,domain,,,,,,,,,,,,,,,,,,,,,,,,,,,,
WORD00641,expectations,,,,,,expectations,,,,,,,,,,,,,,,,,,,,,,,,,,,,
WORD00642,today,,,,,,today,,,,,,,,,,,,,,,,,,,,,,,,,,,,
WORD00643,consent,,,,,,consent,,,,consent,,,,,,,,,,,,,,,,,,,,,,,,
WORD00644,independent,,,,,,independent,,,independent,,,,,,,,,,,,,,,,,,,,,,,,,
WORD00645,launching,,,,,launching,launching,,,,,,,,,,,,,,,,,,,,,,,,,,,,
WORD00646,responsibility,responsibility,,,,,responsibility,,,responsibility,,,,,,,,,,,,,,,,,,,,,,,,,
WORD00647,reflect,,,,,reflect,reflect,,,,,,,,,,,,,,,,,,,,,,,,,,,,
WORD00648,benefits,,,,,,benefits,,,,,,benefits,,,,,,,,,,,,,,,,,,,,,,
WORD00649,hct,,,,,,hct,,,,,,,,,,,,,,,,,,,,,,,,,,,,
WORD00650,sustainable,,,,,,sustainable,,,,,,,,,,,,,,,,,,,,,,,,,,,,
WORD00651,words,,,,,,words,,,,,,,,,,,,,,,,,,,,,,,,,,,,
WORD00652,capturing,,,,,capturing,,,,,,,,,,,,,,,,,,,,,,,,,,,,,
WORD00653,outweigh,,,,,,outweigh,,,,,,,,,,,,,,,,,,,,,,,,,,,,
WORD00654,eliminate,,,,,eliminate,,,,,,,,,,,,,,,,,,,eliminate,,,,,,,,,,
WORD00655,recent,,,,,,recent,,,,,,,,,,,,,,,,,,,,,,,,,,,,
WORD00656,matter,,,,,,matter,,,,,,,,,,,,,,,,,,,,,,,,,,,,
WORD00657,platform,,,platform,,,,,,,,,,,,,,,,,,,,,,,,,,,,,,,
WORD00658,control,,,,,control,control,,,,,,,,,,,,,control,,,,,,,,,,,,,,,
WORD00659,hateful,,hateful,,,,,,,,,,,,,,,,,,,,,,,,,,,,,,,,
WORD00660,retriever,,,,,,retriever,,,,,,,,,,,,,,,,,,,,,,,,,,,,
WORD00661,optional,,,,,,optional,,,,,,,,,,,,,,,,,,,,,,,,,,,,
WORD00662,reflects,,,,,reflects,reflects,,,,,,,,,,,,,,,,,,,,,,,,,,,,
WORD00663,ll,,,,,,ll,,,,,,,,,,,,,,,,,,,,,,,,,,,,
WORD00664,fairness,fairness,,,,,,fairness,,,,,,,,,,fairness,,,,,,,,,,,,,,,,,
WORD00665,distinct,,,,,,distinct,,,,,,,,,,,,,,,,,,,,,,,,,,,,
WORD00666,times,,,,,,times,,,,,,,,,,,,,,,,,,,,,,,,,,,,
WORD00667,offs,,,,,,offs,,,,,,,,,,,,,,,,,,,,,,,,,,,,
WORD00668,ethical,ethical,,,,,,,,,,,,,,,,,,,,,,,,,,,,,,,,,
WORD00669,facing,,,,,,facing,,,,,,,,,,,,,,,,,,,,,,,,,,,,
WORD00670,el,,,,,,el,,,,,,,,,,,,,,,,,,,,,,,,,,,,
WORD00671,granularity,,,,,,granularity,,,,,,,,,,,,,,,,,,,,,,,,,,,,
WORD00672,prohibit,,,,,prohibit,,,,,,,,,,,,,,,,,,,,prohibit,,,,,,,,prohibit,
WORD00673,masculine,,,,masculine,,,,,,,,,,,,,,,,,,,,,,,,,,,,,,
WORD00674,use,,,,,use,use,,,,,,,,,,,,,,,,,,,,,,,,,,,,
WORD00675,allows,,,,,,allows,,,,,,,,,,,,,,,,,,,,,,,,,,,,
WORD00676,solutions,,,,,,solutions,,,,,,solutions,,,,,,,,,,,,,,,,,,,,,,
WORD00677,jigsaw,,,,,,jigsaw,,,,,,,,,,,,,,,,,,,,,,,,,,,,
WORD00678,nutrition,,,,,,nutrition,,,,,,,,,,,,,,,,,,,,,,,,,,,,
WORD00679,belong,,,,,,belong,,,,,,,,,,,,,,,,,,,,,,,,,,,,
WORD00680,identity,,,,identity,,,,,,,,,,identity,identity,,,,,,,,,,,,,,,,,,,
WORD00681,explored,,,,,explored,explored,,,,,,,,,,,,,,,,,,,,,,,,,,,,
WORD00682,building,,,,,building,building,,,,,,,,,,,,,,,,,,,,,,,,,,,,
WORD00683,thomas,,,,,,thomas,,,,,,,,,,,,,,,,,,,,,,,,,,,,
WORD00684,address,,,,,address,address,,,,,,,,,,,,,,,,,,address,,,,,,,,,,
WORD00685,encourage,,,,,encourage,,,,,,,,,,,,,,,,,,,,,,,,,,,,,
WORD00686,industryleading,,,,,,industryleading,,,,,,,,,,,,,,,,,,,,,,,,,,,,
WORD00687,subtle,,,,,,subtle,,,,,,,,,,,,,,,,,,,,,,,,,,,,
WORD00688,mean,,,,,,mean,,,,,,,,,,,,,,,,,,,,,,,,,,,,
WORD00689,reviewing,,,,,,reviewing,,,,,,,,,,,,,,,,,,,,,,,,,,,,
WORD00690,sessions,,,,,,sessions,,,,,,,,,,,,,,,,,,,,,,,,,,,,
WORD00691,chose,,,,,,chose,,,,,,,,,,,,,,,,,,,,,,,,,,,,
WORD00692,learnings,,,,,,learnings,,,,,,,,,,,,,,,,,,,,,,,,,,,,
WORD00693,especially,,,,,,especially,,,,,,,,,,,,,,,,,,,,,,,,,,,,
WORD00694,anonymized,,,anonymized,,,,,,,anonymized,,,,,,,,,,,,,,,,,,,,,,,,
WORD00695,allowing,,,,,,allowing,,,,,,,,,,,,,,,,,,,,,,,,,,,,
WORD00696,practitioners,,,,,,practitioners,,,,,,,,,,,,,,,,,,,,,,,,,,,,
WORD00697,imagen,,,imagen,,,imagen,,,,,,,,,,,,,,,,,,,,,,,,,,,,
WORD00698,plays,,,,,,plays,,,,,,,,,,,,,,,,,,,,,,,,,,,,
WORD00699,article,,,,,,article,,,,,,,,,,,,,,,,,,,,,,,,,,,,
WORD00700,second,,,,,,second,,,,,,,,,,,,,,,,,,,,,,,,,,,,
WORD00701,conventional,,,,,,conventional,,,,,,,,,,,,,,,,,,,,,,,,,,,,
WORD00702,base,,,,,,base,,,,,,,,,,,,,,,,,,,,,,,,,,,,
WORD00703,traits,,,,traits,,,,,,,,,,,,,,,,,,,,,,,,,,,,,,
WORD00704,evaluated,,,,,evaluated,,,,,,,,,,,,,,,evaluated,,,,,,,,,,,,,,
WORD00705,reflected,,,,,reflected,,,,,,,,,,,,,,,,,,,,,,,,,,,,,
WORD00706,sometimes,,,,,,sometimes,,,,,,,,,,,,,,,,,,,,,,,,,,,,
WORD00707,historically,,,,,,historically,,,,,,,,,,,,,,,,,,,,,,,,,,,,
WORD00708,operationalizes,,,,,operationalizes,,,,,,,,,,,,,,,,,,,,,,,,,,,,,
WORD00709,prioritizing,,,,,prioritizing,prioritizing,,,,,,,,,,,,,,,,,,,,,,,,,,,,
WORD00710,conducted,,,,,conducted,,,,,,,,,,,,,,,,,,,,,,,,,,,,,
WORD00711,filed,,,,,filed,,,,,,,,,,,,,,,,,,,,,,,,,,,,,
WORD00712,prediction,,,,,,prediction,,,,,,,,,,,,,,,,,,,,,,,,,,,,
WORD00713,cv,,,cv,,,,,,,,,,,,,,,,,,,,,,,,,,,,,,,
WORD00714,conclusion,,,,,,conclusion,,,,,,,,,,,,,,,,,,,,,,,,,,,,
WORD00715,transparent,,,,,,transparent,,,,,,,,,,,,,,,,,,,,,,,,,,,,
WORD00716,meet,,,,,meet,meet,,,,,,,,,,,,,,,,,,,,,,,,,,,,
WORD00717,forms,,,,,,forms,,,,,,,,,,,,,,,,,,,,,,,,,,,,
WORD00718,analytic,,,,,,analytic,,,,,,,,,,,,,,,,,,,,,,,,,,,,
WORD00719,obtains,,,,,obtains,,,,,,,,,,,,,,,,,,,,,,,,,,,,,
WORD00720,sits,,,,,,sits,,,,,,,,,,,,,,,,,,,,,,,,,,,,
WORD00721,texts,,,,,,texts,,,,,,,,,,,,,,,,,,,,,,,,,,,,
WORD00722,contextualized,,,,,,contextualized,,,,,,,,,,,,,,,,,,,,,,,,,,,,
WORD00723,equitable,,,,,,,equitable,,,,,,,,,,equitable,,,,,,,,,,,,,,,,,
WORD00724,meaningful,,,,,,meaningful,,,,,,,,,,,,,,,,,,,,,,,,,,,,
WORD00725,complexity,,,,,,complexity,,,,,,,,,,,,,,,,,,,,,,,,,,,,
WORD00726,grew,,,,,,grew,,,,,,,,,,,,,,,,,,,,,,,,,,,,
WORD00727,equity,equity,,,,,,equity,,,,,,,equity,equity,,equity,,,,,,,,,,,,,,,,,
WORD00728,society,,,,society,,,,,,,,,,,,,,,,,,,,,,,,,,,society,,,
WORD00729,computational,,,computational,,,,,,,,,,,,,,,,,,,,,,,,,,,,,,,
WORD00730,literacy,,,,,,literacy,,,,,,,,,,,,,,,,,,,,,,,,,,literacy,,
WORD00731,emergencies,,,,,,emergencies,,,,,,,,,,,,,,,,,,,,,,,,,,,,
WORD00732,entailed,,,,,,entailed,,,,,,,,,,,,,,,,,,,,,,,,,,,,
WORD00733,middle,,,,,,middle,,,,,,,,,,,,,,,,,,,,,,,,,,,,
WORD00734,interruption,,,,,,interruption,,,,,,,,,,,,,,,,,,,,,,,,,,,,
WORD00735,person,,,,person,,,,,,,,,,,,,,,,,,,,,,,,,,,,,,
WORD00736,generation,,,generation,,,generation,,,,,,,,,,,,,,,,,,,,,,,,,,,,
WORD00737,encouraged,,,,,encouraged,encouraged,,,,,,,,,,,,,,,,,,,,,,,,,,,,
WORD00738,income,,,,income,,,,,,,,,,,income,,,,,,,,,,,,,,,,,,,
WORD00739,diagnosing,,,,,diagnosing,,,,,,,,,,,,,,,,,,,,,,,,,,,,,
WORD00740,initial,,,,,,initial,,,,,,,,,,,,,,,,,,,,,,,,,,,,
WORD00741,vocabulary,,,,,,vocabulary,,,,,,,,,,,,,,,,,,,,,,,,,,,,
WORD00742,articulation,,,,,,articulation,,articulation,,,,,,,,,,,,,,,,,,,,,,,,,,
WORD00743,filtering,,,,,filtering,,,,,,,,,,,,,,,,,,,filtering,filtering,,,,,,,,,
WORD00744,nations,,,,,,nations,,,,,,,,,,,,,,,,,,,,,,,,,nations,,,
WORD00745,burning,,burning,,,,,,,,,,,,,,,,,,,,,,,,,,,,,,,,
WORD00746,goals,,,,,,goals,,,,,,,,,,,,,,,,,,,,,,,,,,,,
WORD00747,positive,,,,,,positive,,,,,,positive,,,,,,,,,,,,,,,,,,,,,,
WORD00748,working,,,,,working,working,,,,,,,,,,,,,,,,,,,,,,,,,,,,
WORD00749,likely,,,,,,likely,,,,,,,,,,,,,,,,,,,,,,,,,,,,
WORD00750,prompt,,,prompt,,,,,,,,,,,,,,,,,,,,,,,,,,,,,,,
WORD00751,french,,,,,,french,,,,,,,,,,,,,,,,,,,,,,,,,,,,
WORD00752,holistic,,,,,,holistic,,,,,,,,,,,,,,,,,,,,,,,,,,,,
WORD00753,available,,,,,,available,,,,,,,,,,,,,,,,,,,,,,,,,,,,
WORD00754,improving,,,,,improving,,,,,,,,,,,,,,,,,,,,,,,,,,,,,
WORD00755,million,,,,,,million,,,,,,,,,,,,,,,,,,,,,,,,,,,,
WORD00756,refugees,,,,refugees,,,,,,,,,,,,,,,,,,,,,,,,,,,,,,
WORD00757,enterprises,,,,,,enterprises,,,,,,,,,,,,,,,,,,,,,,,,,,,,
WORD00758,executive,,,,,,executive,,,,,,,,,,,,,,,,,,,,,,,,,,,,
WORD00759,robotics,,,robotics,,,,,,,,,,,,,,,,,,,,,,,,,,,,,,,
WORD00760,loosen,,,,,loosen,,,,,,,,,,,,,,,,,,,,,,,,,,,,,
WORD00761,faces,,,,faces,,faces,,,,,,,,,,,,,,,,,,,,,,,,,,,,
WORD00762,brother,,,,,,brother,,,,,,,,,,,,,,,,,,,,,,,,,,,,
WORD00763,literature,,,,,,literature,,,,,,,,,,,,,,,,,,,,,,,,,,,,
WORD00764,robustness,,,,,,robustness,,,,,robustness,,,,,,,,,,,,,,,,,,,,,,,
WORD00765,wide,,,,,,wide,,,,,,,,,,,,,,,,,,,,,,,,,,,,
WORD00766,black,,,,,,black,,,,,,,,,,,,,,,,,,,,,,,,,,,,
WORD00767,share,,,,,share,,,,,,,,,,,,,,,,,,,,,,,,,,,,,
WORD00768,recommended,,,,,,recommended,,,,,,,,,,,,,,,,,,,,,,,,,,,,
WORD00769,currently,,,,,,currently,,,,,,,,,,,,,,,,,,,,,,,,,,,,
WORD00770,prototyping,,,prototyping,,,,,,,,,,,,,,,,,,,,,,,,,,,,,,,
WORD00771,lead,,,,,lead,,,,,,,,,,,,,,,,,,,,,,,,,,,,,
WORD00772,intended,,,,,,intended,,,,,,,,,,,,,,,,,,,,,,,,,,,,
WORD00773,spoken,,,,,,spoken,,,,,,,,,,,,,,,,,,,,,,,,,,,,
WORD00774,faceted,,,,,,faceted,,,,,,,,,,,,,,,,,,,,,,,,,,,,
WORD00775,drop,,,,,drop,,,,,,,,,,,,,,,,,,,,,,,,,,,,,
WORD00776,experimentation,,,,,,,,,,,,,,,,,,,,experimentation,,,,,,,,,,,,,,
WORD00777,challenging,,,,,,challenging,,,,,,,,,,,,,,,,,,,,,,,,,,,,
WORD00778,engage,,,,,engage,engage,,,,,,,,,,,,,,,,,,,,engage,engage,,,,,,,
WORD00779,relies,,,,,relies,,,,,,,,,,,,,,,,,,,,,,,,,,,,,
WORD00780,characters,,,,,,characters,,,,,,,,,,,,,,,,,,,,,,,,,,,,
WORD00781,teaming,,,,,,teaming,,,,,,,,,,,,,,teaming,,,,,,,,,,,,,,
WORD00782,deployments,,,,,,deployments,,,,,,,,,,,,,,,,,,,,,,,,,,,,
WORD00783,contact,,,,,,contact,,,,,,,,,,,,,,,,,,,,,,,,,,,,
WORD00784,generated,,,,,generated,generated,,,,,,,,,,,,,,,,,,,,,,,,,,,,
WORD00785,translated,,,,,,translated,,,,,,,,,,,,,,,,,,,,,,,,,,,,
WORD00786,rationale,,,,,,rationale,,,,,,,,,,,,,,,,,,,,,,,,,,,,
WORD00787,honesty,honesty,,,,,,,,,,,,honesty,,,,,,,,,,,,,,,,,,,,,
WORD00788,left,,,,,,left,,,,,,,,,,,,,,,,,,,,,,,,,,,,
WORD00789,home,,,,,,home,,,,,,,,,,,,,,,,,,,,,,,,,,,,
WORD00790,strengths,,,,strengths,,,,,,,,,,,,,,,,,,,strengths,,,,,,,,,,,
WORD00791,trusted,,,,,,trusted,,,,,,,,,,,,,,,,,,,,,,,,,,,,
WORD00792,threats,,threats,,,,,,,,,threats,,,,,,,,,,,,threats,,,,,,,,,,,
WORD00793,careful,,,,,,careful,,,,,,,,,,,,,,,,,,,,,,,,,,,,
WORD00794,compound,,,,,,compound,,,,,,,,,,,,,,,,,,,,,,,,,,,,
WORD00795,require,,,,,require,require,,,,,,,,,,,,,,,,,,,,,,,,,,,,
WORD00796,relevant,,,,,,relevant,,,,,,,,,,,,,,,,,,,,,,,,,,,,
WORD00797,bsr,,,,,,bsr,,,,,,,,,,,,,,,,,,,,,,,,,,,,
WORD00798,guided,,,,,guided,,,,,,,,,,,,,,,,,,,,,,,,,,,,,
WORD00799,throughout,,,,,,throughout,,,,,,,,,,,,,,,,,,,,,,,,,,,,
WORD00800,natural,,,,,,natural,,,,,,,,,,,,,,,,,,,,,,,,,,,,
WORD00801,half,,,,,,half,,,,,,,,,,,,,,,,,,,,,,,,,,,,
WORD00802,dr,,,,,,dr,,,,,,,,,,,,,,,,,,,,,,,,,,,,
WORD00803,text,,,text,,,,,,,,,,,,,,,,,,,,,,,,,,,,,,,
WORD00804,program,,,program,,,program,,,,,,,,,,,,,,,,,,,,,,,,,,,,
WORD00805,things,,,,,,things,,,,,,,,,,,,,,,,,,,,,,,,,,,,
WORD00806,moral,moral,,,,,moral,,,,,,,,,,,,,,,,,,,,,,,,,,,,
WORD00807,outside,,,,,,outside,,,,,,,,,,,,,,,,,,,,,,,,,,,,
WORD00808,reach,,,,,,reach,,,,,,,,,,,,,,,,,,,,,,,,,,,,
WORD00809,red,,,,,,red,,,,,,,,,,,,,,red,,,,,,,,,,,,,,
WORD00810,lockstep,,,,,,lockstep,,,,,,,,,,,,,,,,,,,,,,,,,,,,
WORD00811,consistent,,,,,,consistent,,,,,,,,,,,,,,,,,,,,,,,,,,,,
WORD00812,toward,,,,,,toward,,,,,,,,,,,,,,,,,,,,,,,,,,,,
WORD00813,mental,,,,mental,,,,,,,,,,,,,,,,,,,,,,,,,,,,,,
WORD00814,milestone,,,,,,milestone,,,,,,,,,,,,,,,,,,,,,,,,,,,,
WORD00815,photos,,,,,,photos,,,,,,,,,,,,,,,,,,,,,,,,,,,,
WORD00816,latin,,,,,,latin,,,,,,,,,,,,,,,,,,,,,,,,,,,,
WORD00817,partnered,,,,,,partnered,,,,,,,,,,,,,,,,,,,,partnered,,,,,,,,
WORD00818,cases,,,,,,cases,,,,,,,,,,,,,,,,,,,,,,,,,,,,
WORD00819,novel,,,,,,novel,,,,,,,,,,,,,,,,,,,,,,,,,,,,
WORD00820,experts,,,,,,experts,,,,,,,,,,,,,,,,,,,,,experts,,,,,,,
WORD00821,conference,,,,,,conference,,,,,,,,,,,,,,,,,,,,,,,,,,,,
WORD00822,mitigate,,,,,mitigate,,,,,,mitigate,,,,,,,,,,,,,mitigate,,,,,,,,,,
WORD00823,aligned,,,,,,aligned,,,,,,,,,,,,,,,,,,,,,,,,,,,,
WORD00824,create,,,,,create,create,,,,,,,,,,,,,,,,,,,,,,,,,,,,
WORD00825,search,,,,,search,search,,,,,,,,,,,,,,,,,,,,,,,,,,,,
WORD00826,founding,,,,,,founding,,,,,,,,,,,,,,,,,,,,,,,,,,,,
WORD00827,track,,,,,track,,,,,,,,,,,,,,,,track,,,,,,,,,,,,,
WORD00828,accountable,accountable,,,,,accountable,,,accountable,,,,,,,,,,,,,,,,,,,,,,,,,
WORD00829,publishing,,,,,publishing,,,,,,,,,,,,,,,,,,,,,,,,,,,,,
WORD00830,ministry,,,,,,ministry,,,,,,,,,,,,,ministry,,,,,,,,,,,,,,,
WORD00831,consequence,,,,,,consequence,,,,,,,,,,,,,,,,,,,,,,,,,,,,
WORD00832,associate,,,,,,associate,,,,,,,,,,,,,,,,,,,,,,,,,,,,
WORD00833,measurements,,,,,,measurements,,,,,,,,,,,,,,measurements,,,,,,,,,,,,,,
WORD00834,areas,,,,,,areas,,,,,,,,,,,,,,,,,,,,,,,,,,,,
WORD00835,belief,,,,belief,,,,,,,,,,,belief,,,,,,,,,,,,,,,,,,,
WORD00836,accomplishing,,,,,accomplishing,,,,,,,,,,,,,,,,,,,,,,,,,,,,,
WORD00837,parameter,,,parameter,,,,,,,,,,,,,,,,,,,,,,,,,,,,,,,
WORD00838,categories,,,,,,categories,,,,,,,,,,,,,,,,,,,,,,,,,,,,
WORD00839,facilitate,,,,,facilitate,,,,,,,,,,,,,,,,,,,,,,,,,,,,,
WORD00840,assessments,,,,,,assessments,,,,,,,,,,,,,,assessments,,,,,,,,,,,,,,
WORD00841,together,,,,,,together,,,,,,,,,,,,,,,,,,,,together,,,,,,,,
WORD00842,dataset,,,dataset,,,dataset,,,,,,,,,,,,,,,,dataset,,,,,,,,,,,,
WORD00843,detection,,,,,,detection,,,,,,,,,,,,,,,,,,,,,,,,,,,,
WORD00844,representing,,,,,,representing,,,,,,,,,,,,,,,,,,,,,,,,,,,,
WORD00845,measuring,,,,,measuring,measuring,,,,,,,,,,,,,,measuring,,,,,,,,,,,,,,
WORD00846,youtube,,,youtube,,,youtube,,,,,,,,,,,,,,,,,,,,,,,,,,,,
WORD00847,japanese,,,,,,japanese,,,,,,,,,,,,,,,,,,,,,,,,,,,,
WORD00848,sexual,,,,sexual,,,,,,,,,,,sexual,,,,,,,,,,,,,,,,,,,
WORD00849,need,,,,,need,need,,,,,,,,,,,,,,,,,,,,,,,,,,,,
WORD00850,commercial,,,,,,commercial,,,,,,,,,,,,,,,,,,,,,,,,,,,,
WORD00851,daily,,,,,,daily,,,,,,,,,,,,,,,,,,,,,,,,,,,,
WORD00852,action,,,,,,action,,,,,,,,,,,,,,,,,,,,,,,,,,,,
WORD00853,weaknesses,,weaknesses,,weaknesses,,,,,,,,,,,,,,,,,,,weaknesses,,,,,,,,,,,
WORD00854,socio,,,socio,,,socio,,,,,,,,,,,,,,,,,,,,,,,,,,,,
WORD00855,library,,,library,,,library,,,,,,,,,,,,,,,,,,,,,,,,,,,,
WORD00856,advanced,,,,,,advanced,,,,,,,,,,,,,,,,,,,,,,,,,,,,
WORD00857,instructorled,,,,,,instructorled,,,,,,,,,,,,,,,,,,,,,,,,,,,,
WORD00858,collaborative,,,,,,,,,,,,,,,,,,,,,,,,,,collaborative,,,,,,,,
WORD00859,reflecting,,,,,,reflecting,,,,,,,,,,,,,,,,,,,,,,,,,,,,
WORD00860,addition,,,,,,addition,,,,,,,,,,,,,,,,,,,,,,,,,,,,
WORD00861,vary,,,,,,vary,,,,,,,,,,,,,,,,,,,,,,,,,,,,
WORD00862,largest,,,,,,largest,,,,,,,,,,,,,,,,,,,,,,,,,,,,
WORD00863,fictional,,,,,,fictional,,,,,,,,,,,,,,,,,,,,,,,,,,,,
WORD00864,analyzing,,,,,analyzing,,,,,,,,,,,,,,,,,,,,,,,,,,,,,
WORD00865,provide,,,,,provide,provide,,,,,,provide,,,,,,,,,,,,,,,,,,,,,,
WORD00866,frozen,,,,,,frozen,,,,,,,,,,,,,,,,,,,,,,,,,,,,
WORD00867,built,,,,,built,built,,,,,,,,,,,,,,,,,,,,,,,,,,,,
WORD00868,oecd,,,,,,,,,,,,,,,,,,,oecd,,,,,,,,,,,,,,,
WORD00869,photographs,,,,,,photographs,,,,,,,,,,,,,,,,,,,,,,,,,,,,
WORD00870,labeling,,,labeling,,,,,,,,,,,,,,,,,,,,,,,,,,,,,,,
WORD00871,utilize,,,,,utilize,,,,,,,,,,,,,,,,,,,,,,,,,,,,,
WORD00872,healthcare,,,,,,healthcare,,,,,,,,,,,,,,,,,,,,,,,,,,,,
WORD00873,external,,,,,,external,,,,,,,,,,,,,,,,,,,,,,,,,,,,
WORD00874,usefulness,,,,,,usefulness,,,,,,,,,,,,,,,,,,,,,,,,,,,,
WORD00875,ensuring,,,,,ensuring,,,,,,,,,,,,,,,,,,,,,,,,,,,,,
WORD00876,increased,,,,,,increased,,,,,,,,,,,,,,,,,,,,,,,,,,,,
WORD00877,video,,,,,,video,,,,,,,,,,,,,,,,,,,,,,,,,,,,
WORD00878,aspect,,,,,,aspect,,,,,,,,,,,,,,,,,,,,,,,,,,,,
WORD00879,comparatively,,,,,,comparatively,,,,,,,,,,,,,,,,,,,,,,,,,,,,
WORD00880,berkeley,,,,,,berkeley,,,,,,,,,,,,,,,,,,,,,,,,,,,,
WORD00881,biographies,,,,,,biographies,,,,,,,,,,,,,,,,,,,,,,,,,,,,
WORD00882,classifiers,,,classifiers,,,,,,,,,,,,,,,,,,,,,,,,,,,,,,,
WORD00883,conceptual,,,,,,conceptual,,,,,,,,,,,,,,,,,,,,,,,,,,,,
WORD00884,cause,,,,,,cause,,,,,,,,,,,,,,,,,,,,,,,,,,,,
WORD00885,korea,,,,,,korea,,,,,,,,,,,,,,,,,,,,,,,,,,,,
WORD00886,describe,,,,,describe,,,,,,,,,,,,,,,,,,,,,,,,,,,,,
WORD00887,often,,,,,,often,,,,,,,,,,,,,,,,,,,,,,,,,,,,
WORD00888,violates,,,,,violates,,,,,,,,,,,,,,,,,,,,,,,,,,,,,
WORD00889,considerations,,,,,,considerations,,,,,,,,,,,,,,,,,,,,,,,,,,,,
WORD00890,products,,,products,,,products,,,,,,,,,,,,,,,,,,,,,,,,,,,,
WORD00891,sort,,,,,,sort,,,,,,,,,,,,,,,,,,,,,,,,,,,,
WORD00892,type,,,,,,type,,,,,,,,,,,,,,,,,,,,,,,,,,,,
WORD00893,established,,,,,,established,,,,,,,,,,,,,,,,,,,,,,,,,,,,
WORD00894,complement,,,,,complement,complement,,,,,,,,,,,,,,,,,,,,,,,,,,,,
WORD00895,trends,,,,,,trends,,,,,,,,,,,,,,,,,,,,,,,,,,,,
WORD00896,area,,,,,,area,,,,,,,,,,,,,,,,,,,,,,,,,,,,
WORD00897,lot,,,,,,lot,,,,,,,,,,,,,,,,,,,,,,,,,,,,
WORD00898,stretches,,,,,,stretches,,,,,,,,,,,,,,,,,,,,,,,,,,,,
WORD00899,tools,,,tools,,,tools,,,,,,,,,,,,,,,,,,,,,,,,,,,,
WORD00900,characterize,,,,,characterize,,,,,,,,,,,,,,,,,,,,,,,,,,,,,
WORD00901,particular,,,,,,particular,,,,,,,,,,,,,,,,,,,,,,,,,,,,
WORD00902,niti,,,,,,niti,,,,,,,,,,,,,,,,,,,,,,,,,,,,
WORD00903,learn,,,,,learn,,,,,,,,,,,,,,,,,,,,,,,,,,,learn,,
WORD00904,closely,,,,,,closely,,,,,,,,,,,,,,,,,,,,,,,,,,,,
WORD00905,selectively,,,,,,selectively,,,,,,,,,,,,,,,,,,,,,,,,,,,,
WORD00906,united,,,,,,united,,,,,,,,,,,,,,,,,,,,,,,,,,,,
WORD00907,prohibitive,,,,,,,,,,,,,,,,,,,,,,,,,prohibitive,,,,,,,,prohibitive,
WORD00908,outcomes,,,,,,outcomes,,,,,,,,,,,,,,,,,,,,,,,,,,,,
WORD00909,necessary,,,,,,necessary,,,,,,,,,,,,,,,,,,,,,,,,,,,,
WORD00910,cultural,,,,cultural,,cultural,,,,,,,,,,,,,,,,,,,,,,,,,,,,
WORD00911,explainability,,,,,,explainability,,explainability,,,,,,,,,,,,,,,,,,,,,,,,,,
WORD00912,expertly,,,,,,expertly,,,,,,,,,,,,,,,,,,,,,,,,,,,,
WORD00913,researching,,,,,,researching,,,,,,,,,,,,,,,,,,,,,,,,,,,,
WORD00914,adaptation,,,,,,adaptation,,,,,,,,,,,,,,,,,,,,,,,,,,,,
WORD00915,writers,,,,,,writers,,,,,,,,,,,,,,,,,,,,,,,,,,,,
WORD00916,grounded,,,,,,grounded,,,,,,,,,,,,,,,,,,,,,,,,,,,,
WORD00917,haas,,,,,,haas,,,,,,,,,,,,,,,,,,,,,,,,,,,,
WORD00918,ngos,,,,,,ngos,,,,,,,,,,,,,,,,,,,,,,,,,,,,
WORD00919,raters,,,,,,raters,,,,,,,,,,,,,,,,,,,,,,,,,,,,
WORD00920,employee,,,,,,employee,,,,,,,,,,,,,,,,,,,,,,,,,,,,
WORD00921,contain,,,,,,contain,,,,,,,,,,,,,,,,,,,,,,,,,,,,
WORD00922,human,,,,human,,human,,,,,,,,,,,,,,,,,,,,,,,,,,,,
WORD00923,leave,,,,,leave,,,,,,,,,,,,,,,,,,,,,,,,,,,,,
WORD00924,science,,,science,,,science,,,,,,,,,,,,,,,,,,,,,,,,,,,,
WORD00925,entire,,,,,,entire,,,,,,,,,,,,,,,,,,,,,,,,,,,,
WORD00926,unintended,,unintended,,,,,,,,,,,,,,,,,,,,,unintended,,,,,,,unintended,,,,
WORD00927,vision,,,vision,,,vision,,,,,,,,,,,,,,,,,,,,,,,,,,,,
WORD00928,abilities,,,,abilities,,,,,,,,,,,,,,,,,,,,,,,,,,,,,,
WORD00929,don,,,,,,don,,,,,,,,,,,,,,,,,,,,,,,,,,,,
WORD00930,ancient,,,,,,ancient,,,,,,,,,,,,,,,,,,,,,,,,,,,,
WORD00931,already,,,,,,already,,,,,,,,,,,,,,,,,,,,,,,,,,,,
WORD00932,quarter,,,,,,quarter,,,,,,,,,,,,,,,,,,,,,,,,,,,,
WORD00933,central,,,,,,central,,,,,,,,,,,,,,,,,,,,,,,,,,,,
WORD00934,line,,,,,,line,,,,,,,,,,,,,,,,,,,,,,,,,,,,
WORD00935,foundational,,,,,,foundational,,,,,,,,,,,,,,,,,,,,,,,,,,,,
WORD00936,speeding,,,,,speeding,,,,,,,,,,,,,,,,,,,,,,,,,,,,,
WORD00937,ask,,,,,ask,,,,,,,,,,,,,,,,,,,,,,,,,,,,,
WORD00938,tone,,,,tone,,tone,,,,,,,,,,,,,,,,,,,,,,,,,,,,
WORD00939,planned,,,,,,planned,,,,,,,,,,,,,,,,,,,,,,,,,,,,
WORD00940,families,,,,families,,families,,,,,,,,,,,,,,,,,,,,,,,,,,,,
WORD00941,characteristics,,,,,,characteristics,,,,,,,,,,,,,,,,,,,,,,,,,,,,
WORD00942,ongoing,,,,,,ongoing,,,,,,,,,,,,,,,ongoing,,,,,,,,,,,,,
WORD00943,prompting,,,,,,prompting,,,,,,,,,,,,,,,,,,,,,,,,,,,,
WORD00944,effect,,,,,,effect,,,,,,,,,,,,,,,,,,,,,,,,,,,,
WORD00945,related,,,,,,related,,,,,,,,,,,,,,,,,,,,,,,,,,,,
WORD00946,site,,,,,,site,,,,,,,,,,,,,,,,,,,,,,,,,,,,
WORD00947,injury,,injury,,,,,,,,,,,,,,,,,,,,,,,,,,,,,,,,
WORD00948,real,,,,real,,real,,,,,,,,,,,,,,,,,,,,,,,,,,,,
WORD00949,big,,,,,,big,,,,,,,,,,,,,,,,,,,,,,,,,,,,
WORD00950,back,,,,,,back,,,,,,,,,,,,,,,,,,,,,,,,,,,,
WORD00951,strong,,,,,,strong,,,,,,,,,,,,,,,,,,,,,,,,,,,,
WORD00952,required,,,,,,required,,,,,,,,,,,,,,,,,,,,,,,,,,,,
WORD00953,past,,,,,,past,,,,,,,,,,,,,,,,,,,,,,,,,,,,
WORD00954,whose,,,,,,whose,,,,,,,,,,,,,,,,,,,,,,,,,,,,
WORD00955,identified,,,,,,identified,,,,,,,,,,,,,,,,,identified,,,,,,,,,,,
WORD00956,rigor,rigor,,,,,rigor,,,,,,,,,,,,,,,,,,,,,,,,,,,,
WORD00957,drawing,,,,,,drawing,,,,,,,,,,,,,,,,,,,,,,,,,,,,
WORD00958,backed,,,,,,backed,,,,,,,,,,,,,,,,,,,,,,,,,,,,
WORD00959,months,,,,,,months,,,,,,,,,,,,,,,,,,,,,,,,,,,,
WORD00960,lighting,,,,,,lighting,,,,,,,,,,,,,,,,,,,,,,,,,,,,
WORD00961,drawn,,,,,,drawn,,,,,,,,,,,,,,,,,,,,,,,,,,,,
WORD00962,engaging,,,,,engaging,engaging,,,,,,,,,,,,,,,,,,,,engaging,engaging,,,,,,,
WORD00963,response,,,,,,response,,,,,,,,,,,,,,,,,,,,,,,,,,,,
WORD00964,specific,,,,,,specific,,,,,,,,,,,,,,,,,,,,,,,,,,,,
WORD00965,increasing,,,,,,increasing,,,,,,,,,,,,,,,,,,,,,,,,,,,,
WORD00966,creation,,,,,,creation,,,,,,,,,,,,,,,,,,,,,,,,,,,,
WORD00967,goal,,,,,,goal,,,,,,,,,,,,,,,,,,,,,,,,,,,,
WORD00968,ideation,,,,,,ideation,,,,,,,,,,,,,,,,,,,,,,,,,,,,
WORD00969,roles,,,,,,roles,,,roles,,,,,,,,,,,,,,,,,,,,,,,,,
WORD00970,safe,,,,,,safe,,,,,safe,,,,,,,,,,,,,,,,,,,,,,,
WORD00971,multi_stakeholder,,,,,,,,,,,,,,multi_stakeholder,,,,,,,,,,,,multi_stakeholder,,,,,,,,
WORD00972,resulted,,,,,,resulted,,,,,,,,,,,,,,,,,,,,,,,,,,,,
WORD00973,goes,,,,,,goes,,,,,,,,,,,,,,,,,,,,,,,,,,,,
WORD00974,tailored,,,,,,tailored,,,,,,,,,,,,,,,,,,,,,,,,,,,,
WORD00975,responsible,responsible,,,,,responsible,,,responsible,,responsible,responsible,,,,,,,,,,,,,responsible,,,,,,,,,
WORD00976,prompts,,,prompts,,,prompts,,,,,,,,,,,,,,,,,,,,,,,,,,,,
WORD00977,written,,,,,,written,,,,,,,,,,,,,,,,,,,,,,,,,,,,
WORD00978,mitigation,,,,,mitigation,mitigation,,,,,mitigation,,,,,,,,,,,,,mitigation,mitigation,,,,,,,,,
WORD00979,effectiveness,,,,,,effectiveness,,,,,,,,,,,,,,,,,,,,,,,,,,,,
WORD00980,interactive,,,,,,interactive,,,,,,,,,,,,,,,,,,,,,,,,,,,,
WORD00981,growing,,,,,,growing,,,,,,,,,,,,,,,,,,,,,,,,,,,,
WORD00982,concepts,,,,,,concepts,,,,,,,,,,,,,,,,,,,,,,,,,,,,
WORD00983,explainable,,,explainable,,,,,explainable,,,,,,,,,,,,,,,,,,,,,,,,,,
WORD00984,plan,,,,,,plan,,,,,,,,,,,,,,,,,,,,,,,,,,,,
WORD00985,rolled,,,,,,rolled,,,,,,,,,,,,,,,,,,,,,,,,,,,,
WORD00986,ways,,,,,,ways,,,,,,,,,,,,,,,,,,,,,,,,,,,,
WORD00987,prohibition,,,,,,,,,,,,,,,,,,prohibition,,,,,,,,,,,,,,,prohibition,
WORD00988,differential,,,differential,,,,,,,differential,,,,,,,,,,,,,,,,,,,,,,,,
WORD00989,eyes,,,,,,eyes,,,,,,,,,,,,,,,,,,,,,,,,,,,,
WORD00990,algorithms,,,algorithms,,,,,,,,,,,,,,,,,,,,,,,,,,,,,,,
WORD00991,landscape,,,,,,landscape,,,,,,,,,,,,,,,,,,,,,,,,,,,,
WORD00992,preliminary,,,,,,preliminary,,,,,,,,,,,,,,,,,,,,,,,,,,,,
WORD00993,draw,,,,,draw,,,,,,,,,,,,,,,,,,,,,,,,,,,,,
WORD00994,traditional,,,,,,traditional,,,,,,,,,,,,,,,,,,,,,,,,,,,,
WORD00995,catalog,,,,,,catalog,,,,,,,,,,,,,,,,,,,,,,,,,,,,
WORD00996,ux,,,ux,,,ux,,,,,,,,,,,,,,,,,,,,,,,,,,,,
WORD00997,devices,,,devices,,,devices,,,,,,,,,,,,,,,,,,,,,,,,,,,,
WORD00998,fake,,fake,,,,,,,,,,,,,,,,,,,,,,,,,,,,,,,,
WORD00999,issue,,,,,,issue,,,,,,,,,,,,,,,,,,,,,,,,,,,,
WORD01000,many,,,,,,many,,,,,,,,,,,,,,,,,,,,,,,,,,,,
WORD01001,tuning,,,,,,tuning,,,,,,,,,,,,,,,,,,,,,,,,,,,,
WORD01002,principle,,,,,,principle,,,,,,,,,,,,,,,,,,,,,,,,,,,,
WORD01003,strategies,,,,,,strategies,,,,,,,,,,,,,,,,,,,,,,,,,,,,
WORD01004,affect,,,,,affect,,,,,,,,,,,,,,,,,,,,,,,,,,,,,
WORD01005,number,,,,,,number,,,,,,,,,,,,,,,,,,,,,,,,,,,,
WORD01006,helps,,,,,helps,helps,,,,,,helps,,,,,,,,,,,,,,,,,,,,,,
WORD01007,decision,,,,,,decision,,,,,,,,,,,,,,,,,,,,,,,,,,,,
WORD01008,supporting,,,,,,supporting,,,,,,,,,,,,,,,,,,,,,,,,,,,,
WORD01009,harm,,harm,,,,,,,,,harm,,,,,,,,,,,,harm,,harm,,,,,,,,,
WORD01010,world,,,,world,,world,,,,,,,,,,,,,,,,,,,,,,,,,world,,,
WORD01011,chain,,,,,,chain,,,,,,,,,,,,,,,,,,,,,,,,,,,,
WORD01012,investigate,,,,,investigate,,,,,,,,,,,,,,,,,,,,,,,,,,,,,
WORD01013,present,,,,,present,present,,,,,,,,,,,,,,,,,,,,,,,,,,,,
WORD01014,enter,,,,,enter,,,,,,,,,,,,,,,,,,,,,,,,,,,,,
WORD01015,aim,,,,,,aim,,,,,,,,,,,,,,,,,,,,,,,,,,,,
WORD01016,continuously,,,,,,continuously,,,,,,,,,,,,,,,,,,,,,,,,,,,,
WORD01017,designs,,,,,,designs,,,,,,,,,,,,,,,,,,,,,,,,,,,,
WORD01018,organize,,,,,,organize,,,,,,,,,,,,,,,,,,,,,,,,,,,,
WORD01019,streamlined,,,,,,streamlined,,,,,,,,,,,,,,,,,,,,,,,,,,,,
WORD01020,compliance,,,,,,compliance,,,compliance,,,,,,,,,compliance,compliance,,,,,,,,,,,,,,,
WORD01021,inadequate,,,,,,inadequate,,,,,,,,,,,,,,,,,,,,,,,,,,,,inadequate
WORD01022,small,,,,,,small,,,,,,,,,,,,,,,,,,,,,,,,,,,,
WORD01023,generate,,,,,generate,generate,,,,,,,,,,,,,,,,,,,,,,,,,,,,
WORD01024,supports,,,,,,supports,,,,,,,,,,,,,,,,,,,,,,,,,,,,
WORD01025,biased,,biased,,,,,biased,,,,,,,,,,,,,,,,,,,,,,,,,,,
WORD01026,api,,,api,,,,,,,,,,,,,,,,,,,,,,,,,,,,,,,
WORD01027,machine,,,machine,,,machine,,,,,,,,,,,,,,,,,,,,,,,,,,,,
WORD01028,alongside,,,,,,alongside,,,,,,,,,,,,,,,,,,,,,,,,,,,,
WORD01029,pose,,,,,,pose,,,,,,,,,,,,,,,,,,,,,,,,,,,,
WORD01030,order,,,,,,order,,,,,,,,,,,,,,,,,,,,,,,,,,,,
WORD01031,evidenced,,,,,,evidenced,,,,,,,,,,,,,,,,,,,,,,,,,,,,
WORD01032,explores,,,,,explores,,,,,,,,,,,,,,,,,,,,,,,,,,,,,
WORD01033,palm,,,palm,,,palm,,,,,,,,,,,,,,,,,,,,,,,,,,,,
WORD01034,finance,,,,,,finance,,,,,,,,,,,,,,,,,,,,,,,,,,,,
WORD01035,societal_impact,,,,,,,,,,,,,,,,,,,,,,,,,,,,,,,societal_impact,,,
WORD01036,notes,,,,,,notes,,,,,,,,,,,,,,,,,,,,,,,,,,,,
WORD01037,consultations,,,,,,consultations,,,,,,,,,,,,,consultations,,,,,,,consultations,consultations,,,,,,,
WORD01038,sentences,,,,,,sentences,,,,,,,,,,,,,,,,,,,,,,,,,,,,
WORD01039,palette,,,,,,palette,,,,,,,,,,,,,,,,,,,,,,,,,,,,
WORD01040,asked,,,,,asked,,,,,,,,,,,,,,,,,,,,,,,,,,,,,
WORD01041,institutions,,,,,,institutions,,,,,,,,,,,,,,,,,,,,,,,,,,,,
WORD01042,rests,,,,,,rests,,,,,,,,,,,,,,,,,,,,,,,,,,,,
WORD01043,exposing,,,,,exposing,,,,,,,,,,,,,,,,,,,,,,,,,,,,,
WORD01044,experimental,,,,,,experimental,,,,,,,,,,,,,,,,,,,,,,,,,,,,
WORD01045,temporal,,,,,,temporal,,,,,,,,,,,,,,,,,,,,,,,,,,,,
WORD01046,report,,,,,report,report,,report,report,,,,,,,,,,,,report,report,,,,,,,,,,,,
WORD01047,higher,,,,,,higher,,,,,,,,,,,,,,,,,,,,,,,,,,,,
WORD01048,tones,,,,tones,,tones,,,,,,,,,,,,,,,,,,,,,,,,,,,,
WORD01049,portion,,,,,,portion,,,,,,,,,,,,,,,,,,,,,,,,,,,,
WORD01050,fact,,,,,,fact,,,,,,,,,,,,,,,,,,,,,,,,,,,,
WORD01051,tv,,,,,,tv,,,,,,,,,,,,,,,,,,,,,,,,,,,,
WORD01052,utilizing,,,,,,utilizing,,,,,,,,,,,,,,,,,,,,,,,,,,,,
WORD01053,span,,,,,,span,,,,,,,,,,,,,,,,,,,,,,,,,,,,
WORD01054,principal,,,,,,principal,,,,,,,,,,,,,,,,,,,,,,,,,,,,
WORD01055,nist,,,,,,,,,,,,,,,,,,,nist,,,,,,,,,,,,,,,
WORD01056,difficult,,,,,,difficult,,,,,,,,,,,,,,,,,,,,,,,,,,,,
WORD01057,version,,,,,,version,,,,,,,,,,,,,,,,,,,,,,,,,,,,
WORD01058,decisions,,,,,decisions,,,,,,,,,,,,,,,,,,,,,,,,,,,,,
WORD01059,portray,,,,,portray,,,,,,,,,,,,,,,,,,,,,,,,,,,,,
WORD01060,around,,,,,,around,,,,,,,,,,,,,,,,,,,,,,,,,,,,
WORD01061,engine,,,engine,,,,,,,,,,,,,,,,,,,,,,,,,,,,,,,
WORD01062,conferences,,,,,,conferences,,,,,,,,,,,,,,,,,,,,,,,,,,,,
WORD01063,correlations,,,,,,correlations,,,,,,,,,,,,,,,,,,,,,,,,,,,,
WORD01064,thanks,,,,,,thanks,,,,,,,,,,,,,,,,,,,,,,,,,,,,
WORD01065,performance,,,,,,performance,,,,,,,,,,,,,,performance,performance,,,,,,,,,,,,,
WORD01066,atrc,,,,,,atrc,,,,,,,,,,,,,,,,,,,,,,,,,,,,
WORD01067,resolution,,,resolution,,,,,,,,,,,,,,,,,,,,,,,,,,,,,,,
WORD01068,draft,,,,,,draft,,,,,,,,,,,,,,,,,,,,,,,,,,,,
WORD01069,constrained,,,,,,constrained,,,,,,,,,,,,,,,,,,,,,,,,,,,,
WORD01070,activities,,,,,,activities,,,,,,,,,,,,,,,,,,,,,,,,,,,,
WORD01071,perspective,,,,perspective,,,,,,,,,,,,,,,,,,,,,,,,,,,,,,
WORD01072,zealand,,,,,,zealand,,,,,,,,,,,,,,,,,,,,,,,,,,,,
WORD01073,testers,,,,,,testers,,,,,,,,,,,,,testers,,,,,,,,,testers,,,,,,
WORD01074,integrating,,,,,integrating,,,,,,,,,,,,,,,,,,,,,,,,,,,,,
WORD01075,overlap,,,,,,overlap,,,,,,,,,,,,,,,,,,,,,,,,,,,,
WORD01076,translations,,,,,,translations,,,,,,,,,,,,,,,,,,,,,,,,,,,,
WORD01077,user,,,,user,,user,,,,,,,,,,,,,,,,,,,,,,,,,,,,
WORD01078,requested,,,,,requested,requested,,,,,,,,,,,,,,,,,,,,,requested,,,,,,,
WORD01079,qa,,,,,,qa,,,,,,,,,,,,,,qa,,,,,,,,,,,,,,
WORD01080,coordinate,,,,,coordinate,,,,,,,,,,,,,,,,,,,,,,,,,,,,,
WORD01081,heard,,,,,,heard,,,,,,,,,,,,,,,,,,,,,,,,,,,,
WORD01082,gone,,,,,,gone,,,,,,,,,,,,,,,,,,,,,,,,,,,,
WORD01083,contributors,,,,,,contributors,,,,,,,,,,,,,,,,,,,,,,,,,,,,
WORD01084,organization,,,,,,organization,,,,,,,,,,,,,,,,,,,,,,,,,,,,
WORD01085,cohorts,,,,,,cohorts,,,,,,,,,,,,,,,,,,,,,,,,,,,,
WORD01086,accra,,,,,,accra,,,,,,,,,,,,,,,,,,,,,,,,,,,,
WORD01087,balances,,,,,balances,,,,,,,,,,,,,,,,,,,,,,,,,,,,,
WORD01088,flagging,,,,,flagging,,,,,,,,,,,,,,,,,,flagging,,,,,,,,,,,
WORD01089,depending,,,,,,depending,,,,,,,,,,,,,,,,,,,,,,,,,,,,
WORD01090,lower,,,,,,lower,,,,,,,,,,,,,,,,,,,,,,,,,,,,
WORD01091,evaluations,,,,,,evaluations,,,,,,,,,,,,,,evaluations,,,,,,,,,,,,,,
WORD01092,range,,,,,,range,,,,,,,,,range,,,,,,,,,,,,,,,,,,,
WORD01093,content,,,,,,content,,,,,,,,,,,,,,,,,,,,,,,,,,,,
WORD01094,queries,,,,,,queries,,,,,,,,,,,,,,,,,,,,,,,,,,,,
WORD01095,parent,,,,,,parent,,,,,,,,,,,,,,,,,,,,,,,,,,,,
WORD01096,unrestricted,,,,,,unrestricted,,,,,,,,,,,,,,,,,,,,,,,,,,,,
WORD01097,volunteers,,,,,,volunteers,,,,,,,,,,,,,,,,,,,,,,,,,,,,
WORD01098,discovered,,,,,discovered,,,,,,,,,,,,,,,,,,,,,,,,,,,,,
WORD01099,partnering,,,,,partnering,,,,,,,,,,,,,,,,,,,,,partnering,,,,,,,,
WORD01100,aip,,,aip,,,aip,,,,,,,,,,,,,,,,,,,,,,,,,,,,
WORD01101,states,,,,,,states,,,,,,,,,,,,,,,,,,,,,,,,,,,,
WORD01102,disciplinary,,,,,,disciplinary,,,,,,,,,,,,,,,,,,,,,,,,,,,,
WORD01103,continuous,,,,,,continuous,,,,,,,,,,,,,,,,,,,,,,,,,,,,
WORD01104,season,,,,,,season,,,,,,,,,,,,,,,,,,,,,,,,,,,,
WORD01105,offensive,,offensive,,,,,,,,,,,,,,,,,,,,,,,,,,,,,,,,
WORD01106,multidisciplinary,,,,,,multidisciplinary,,,,,,,,,,,,,,,,,,,,,,,,,,,,
WORD01107,set,,,,,set,set,,,,,,,,,,,,,,,,,,,,,,,,,,,,
WORD01108,results,,,,,,results,,,,,,,,,,,,,,,,,,,,,,,,,,,,
WORD01109,adoption,,,,,,adoption,,,,,,,,,,,,,,,,,,,,,,,,,,,,
WORD01110,preventative,,,,,,preventative,,,,,,,,,,,,,,,,,,,,,,,,,,,,
WORD01111,exists,,,,,,exists,,,,,,,,,,,,,,,,,,,,,,,,,,,,
WORD01112,problems,,problems,,,,,,,,,,,,,,,,,,,,,,,,,,,,,,,,
WORD01113,refine,,,,,refine,,,,,,,,,,,,,,,,,,,,,,,,,,,,,
WORD01114,level,,,,,,level,,,,,,,,,,,,,,,,,,,,,,,,,,,,
WORD01115,pattern,,,,,,pattern,,,,,,,,,,,,,,,,,,,,,,,,,,,,
WORD01116,workplace,,,,,,workplace,,,,,,,,,,,,,,,,,,,,,,,,,,,,
WORD01117,duties,,,,,,duties,,,,,,,,,,,,,,,,,,,,,,,,,,,,
WORD01118,makers,,,,,,makers,,,,,,,,,,,,,,,,,,,,,,,,,,,,
WORD01119,time,,,,,,time,,,,,,,,,,,,,,,,,,,,,,,,,,,,
WORD01120,colorism,,colorism,,,,,,,,,,,,,,,,,,,,,,,,,,,,,colorism,,,
WORD01121,dermatological,,,,,,dermatological,,,,,,,,,,,,,,,,,,,,,,,,,,,,
WORD01122,addressed,,,,,addressed,,,,,,,,,,,,,,,,,,,addressed,,,,,,,,,,
WORD01123,capabilities,,,,,,capabilities,,,,,,,,,,,,,,,,,,,,,,,,,,,,
WORD01124,incorporates,,,,,incorporates,incorporates,,,,,,,,,,,,,,,,,,,,,,,,,,,,
WORD01125,equivalent,,,,,,equivalent,,,,,,,,,,,,,,,,,,,,,,,,,,,,
WORD01126,standard,,,,,,standard,,,,,,,,,,,,,,,,,,,,,,,,,,,,
WORD01127,promise,,,,,,promise,,,,,,,,,,,,,,,,,,,,,,,,,,,,
WORD01128,tend,,,,,,tend,,,,,,,,,,,,,,,,,,,,,,,,,,,,
WORD01129,maintaining,,,,,maintaining,maintaining,,,,,,,,,,,,,,,,,,,,,,,,,,,,
WORD01130,fidelity,,,,,,fidelity,,,,,,,,,,,,,,,,,,,,,,,,,,,,
WORD01131,sustainability,,,,,,,,,,,,,,,,,,,,,,,,,,,,,sustainability,,,,,
WORD01132,harmful,,harmful,,,,,,,,,harmful,,,,,,,,,,,,,,harmful,,,,,,,,,
WORD01133,online,,,,,,online,,,,,,,,,,,,,,,,,,,,,,,,,,,,
WORD01134,layer,,,,,,layer,,,,,,,,,,,,,,,,,,,,,,,,,,,,
WORD01135,released,,,,,released,released,,,,,,,,,,,,,,,,,,,,,,,,,,,,
WORD01136,notable,,,,,,notable,,,,,,,,,,,,,,,,,,,,,,,,,,,,
WORD01137,facial,,,,,,facial,,,,,,,,,,,,,,,,,,,,,,,,,,,,
WORD01138,escalations,,,,,,escalations,,,,,,,,,,,,,,,,,,,,,,,,,,,,
WORD01139,points,,,,,,points,,,,,,,,,,,,,,,,,,,,,,,,,,,,
WORD01140,piloting,,,,,piloting,,,,,,,,,,,,,,,piloting,,,,,,,,,,,,,,
WORD01141,harness,,,,,harness,,,,,,,,,,,,,,,,,,,,,,,,,,,,,
WORD01142,mark,,,,,mark,,,,,,,,,,,,,,,,,,,,,,,,,,,,,
WORD01143,private,,,,,,private,,,,private,,,,,,,,,,,,,,,,,,,,,,,,
WORD01144,quickly,,,,,,quickly,,,,,,,,,,,,,,,,,,,,,,,,,,,,
WORD01145,combination,,,,,,combination,,,,,,,,,,,,,,,,,,,,,,,,,,,,
WORD01146,delivering,,,,,delivering,delivering,,,,,,,,,,,,,,,,,,,,,,,,,,,,
WORD01147,supplement,,,,,,supplement,,,,,,,,,,,,,,,,,,,,,,,,,,,,
WORD01148,law,,,,,,law,,,,,,,,,,,,,,,,,,,,,,,,,,,,
WORD01149,equal,,,,,,equal,equal,,,,,,,,,,equal,,,,,,,,,,,,,,,,,
WORD01150,societal,,,,societal,,societal,,,,,,,,,,,,,,,,,,,,,,,,,societal,,,
WORD01151,universities,,,,,,universities,,,,,,,,,,,,,,,,,,,,,,,,,,,,
WORD01152,faced,,,,,,faced,,,,,,,,,,,,,,,,,,,,,,,,,,,,
WORD01153,role,,,,,,role,,,,,,,,,,,,,,,,,,,,,,,,,,,,
WORD01154,computing,,,computing,,,computing,,,,,,,,,,,,,,,,,,,,,,,,,,,,
WORD01155,tune,,,,,tune,,,,,,,,,,,,,,,,,,,,,,,,,,,,,
WORD01156,mitigations,,,,,,mitigations,,,,,,,,,,,,,,,,,,mitigations,,,,,,,,,,
WORD01157,stronger,,,,,,stronger,,,,,,,,,,,,,,,,,,,,,,,,,,,,
WORD01158,tasks,,,,,,tasks,,,,,,,,,,,,,,,,,,,,,,,,,,,,
WORD01159,roads,,,,,,roads,,,,,,,,,,,,,,,,,,,,,,,,,,,,
WORD01160,moments,,,,,,moments,,,,,,,,,,,,,,,,,,,,,,,,,,,,
WORD01161,life,,,,life,,life,,,,,,,,,,,,,,,,,,,,,,,,,,,,
WORD01162,publicly,,,,,,publicly,,,,,,,,,,,,,,,,,,,,,,,,,,,,
WORD01163,topic,,,,,,topic,,,,,,,,,,,,,,,,,,,,,,,,,,,,
WORD01164,catching,,,,,,catching,,,,,,,,,,,,,,,,,,,,,,,,,,,,
WORD01165,policy,,,,,,policy,,,policy,,,,,,,,,policy,,,,,,,,,,,,,,,,
WORD01166,factuality,,,,,,factuality,,,,,,,factuality,,,,,,,,,,,,,,,,,,,,,
WORD01167,heavily,,,,,,heavily,,,,,,,,,,,,,,,,,,,,,,,,,,,,
WORD01168,personally,,,,,,personally,,,,personally,,,,,,,,,,,,,,,,,,,,,,,,
WORD01169,servers,,,servers,,,,,,,,,,,,,,,,,,,,,,,,,,,,,,,
WORD01170,funding,,,,,,funding,,,,,,,,,,,,,,,,,,,,,,,,,,,,
WORD01171,accepted,,,,,,accepted,,,,,,,,,,,,,,,,,,,,,,,,,,,,
WORD01172,show,,,,,show,,,,,,,,,,,,,,,,,,,,,,,,,,,,,
WORD01173,developed,,,,,developed,,,,,,,,,,,,,,,,,,,,,,,,,,,,,
WORD01174,field,,,,,,field,,,,,,,,,,,,,,,,,,,,,,,,,,,,
WORD01175,professions,,,,professions,,,,,,,,,,,,,,,,,,,,,,,,,,,,,,
WORD01176,inclusive,,,,,,,inclusive,,,,,,,inclusive,,,,,,,,,,,,,,,,,,,,
WORD01177,government,,,,,,government,,,,,,,,,,,,,,,,,,,,,,,,,,,,
WORD01178,equips,,,,,equips,,,,,,,,,,,,,,,,,,,,,,,,,,,,,
WORD01179,auditing,,,,,auditing,auditing,,auditing,,,,,,,,,,,auditing,,,,,,,,,,,,,,,
WORD01180,machine learning,,,machine learning,,,,,,,,,,,,,,,,,,,,,,,,,,,,,,,
WORD01181,counts,,,,,,counts,,,,,,,,,,,,,,,,,,,,,,,,,,,,
WORD01182,excellence,excellence,,,,,excellence,,,,,,,,,,,,,,,,,,,,,,,,,,,,
WORD01183,identifies,,,,,identifies,,,,,,,,,,,,,,,,identifies,,identifies,,,,,,,,,,,
WORD01184,long,,,,,,long,,,,,,,,,,,,,,,,,,,,,,,,,,,,
WORD01185,improvements,,,,,,improvements,,,,,,,,,,,,,,,,,,,,,,,,,,,,
WORD01186,healthsheets,,,,,,healthsheets,,,,,,,,,,,,,,,,,,,,,,,,,,,,
WORD01187,patterns,,,,,,patterns,,,,,,,,,,,,,,,,,,,,,,,,,,,,
WORD01188,awareness,,,,awareness,,awareness,,,,,,,,,,,,,,,,,,,,,,,,,,,,
WORD01189,audio,,,,,,audio,,,,,,,,,,,,,,,,,,,,,,,,,,,,
WORD01190,gathered,,,,,gathered,,,,,,,,,,,,,,,,,,,,,,,,,,,,,
WORD01191,implement,,,,,implement,,,,,,,,,,,,,,,,,,,,,,,,,,,,,
WORD01192,phishing,,phishing,,,,,,,,,phishing,,,,,,,,,,,,,,,,,,,,,,,
WORD01193,shows,,,,,,shows,,,,,,,,,,,,,,,,,,,,,,,,,,,,
WORD01194,source,,,,,,source,,,,,,,,,,,,,,,,,,,,,,,,,,,,
WORD01195,unfair,,unfair,,,,,unfair,,,,,,,,,,,,,,,,,,,,,,,,,,,
WORD01196,regional,,,,,,regional,,,,,,,,,,,,,,,,,,,,,,,,,,,,
WORD01197,human_centered,human_centered,,,,,,,,,,,,,,,,,,,,,,,,,,human_centered,,,,,,,
WORD01198,keywords,,,,,,keywords,,,,,,,,,,,,,,,,,,,,,,,,,,,,
WORD01199,medical,,,,,,medical,,,,,,,,,,,,,,,,,,,,,,,,,,,,
WORD01200,early,,,,,,early,,,,,,,,,,,,,,,,,,,,,,,,,,,,
WORD01201,annotators,,,,,,annotators,,,,,,,,,,,,,,,,,,,,,,,,,,,,
WORD01202,appeal,,,,,appeal,appeal,,,,,,,,,,,,,,,,,,,,,,,,,,,,
WORD01203,roadway,,,roadway,,,,,,,,,,,,,,,,,,,,,,,,,,,,,,,
WORD01204,proactively,,,,,,proactively,,,,,,,,,,,,,,,,,,,proactively,,,,,,,,,
WORD01205,fellowship,,,,,,fellowship,,,,,,,,,,,,,,,,,,,,,,,,,,,,
WORD01206,social,social,,,social,,social,,,,,,social,,,,,,,,,,,,,,,,,,,social,,,
WORD01207,conduct,,,,,conduct,conduct,,,,,,,,,,,,,,,,,,,,,,,,,,,,
WORD01208,adverse,,adverse,,,,,,,,,,,,,,,,,,,,,,,,,,,,,,,,
WORD01209,helping,,,,,,helping,,,,,,helping,,,,,,,,,,,,,,,,,,,,,,
WORD01210,getting,,,,,getting,getting,,,,,,,,,,,,,,,,,,,,,,,,,,,,
WORD01211,risks,,risks,,,,risks,,,,,,,,,,,,,,,,,risks,,,,,,,risks,,,,
WORD01212,skin,,,,skin,,skin,,,,,,,,,,,,,,,,,,,,,,,,,,,,
WORD01213,remained,,,,,remained,,,,,,,,,,,,,,,,,,,,,,,,,,,,,
WORD01214,relying,,,,,relying,,,,,,,,,,,,,,,,,,,,,,,,,,,,,
WORD01215,enough,,,,,,enough,,,,,,,,,,,,,,,,,,,,,,,,,,,,
WORD01216,infrastructure,,,infrastructure,,,,,,,,,,,,,,,,,,,,,,,,,,,,,,,
WORD01217,mindset,,,,,,mindset,,,,,,,,,,,,,,,,,,,,,,,,,,,,
WORD01218,accord,,,,,,accord,,,,,,,,,,,,,,,,,,,,,,,,,,,,
WORD01219,advising,,,,,advising,,,,,,,,,,,,,,,,,,,,,,,,,,,,,
WORD01220,hypothetical,,,,,,hypothetical,,,,,,,,,,,,,,,,,,,,,,,,,,,,
WORD01221,pioneering,,,,,,pioneering,,,,,,,,,,,,,,,,,,,,,,,,,,,,
WORD01222,speed,,,,,,speed,,,,,,,,,,,,,,,,,,,,,,,,,,,,
WORD01223,raise,,,,,,raise,,,,,,,,,,,,,,,,,,,,,,,,,,,,
WORD01224,manage,,,,,manage,,,,,,,,,,,,,,,,,,,manage,,,,,,,,,,
WORD01225,four,,,,,,four,,,,,,,,,,,,,,,,,,,,,,,,,,,,
WORD01226,misinformation,,misinformation,,,,,,,,,,,,,,,,,,,,,,,,,,,,,,,,
WORD01227,sensitive,,,,,,sensitive,,,,,,,,,,,,,,,,,,,,,,,,,,,,
WORD01228,western,,,,western,,western,,,,,,,,,,,,,,,,,,,,,,,,,,,,
WORD01229,analysts,,,,,,analysts,,,,,,,,,,,,,,,,,,,,,,,,,,,,
WORD01230,reported,,,,,,reported,,,,,,,,,,,,,,,,,,,,,,,,,,,,
WORD01231,tiers,,,,,,tiers,,,,,,,,,,,,,,,,,,,,,,,,,,,,
WORD01232,identifiable,,,,,,identifiable,,,,identifiable,,,,,,,,,,,,,,,,,,,,,,,,
WORD01233,grow,,,,,grow,,,,,,,,,,,,,,,,,,,,,,,,,,,,,
WORD01234,using,,,,,using,using,,,,,,,,,,,,,,,,,,,,,,,,,,,,
WORD01235,assess,,,,,assess,assess,,,,,,,,,,,,,assess,,,,assess,,,,,,,,,,,
WORD01236,south,,,,,,south,,,,,,,,,,,,,,,,,,,,,,,,,,,,
WORD01237,promising,,,,,,promising,,,,,,,,,,,,,,,,,,,,,,,,,,,,
WORD01238,deployment,,,,,,deployment,,,,,,,,,,,,,,,,,,,,,,,,,,,,
WORD01239,difficulty,,difficulty,,,,,,,,,,,,,,,,,,,,,,,,,,,,,,,,difficulty
WORD01240,operationalize,,,,,operationalize,operationalize,,,,,,,,,,,,,,,,,,,,,,,,,,,,
WORD01241,creating,,,,,creating,creating,,,,,,,,,,,,,,,,,,,,,,,,,,,,
WORD01242,expressions,,,,expressions,,,,,,,,,,,,,,,,,,,,,,,,,,,,,,
WORD01243,encoders,,,encoders,,,,,,,,,,,,,,,,,,,,,,,,,,,,,,,
WORD01244,helpful,,,,,,,,,,,,helpful,,,,,,,,,,,,,,,,,,,,,,
WORD01245,robust,,,,,,,,,,,robust,,,,,,,,,,,,,robust,,,,,,,,,,
WORD01246,nmt,,,nmt,,,,,,,,,,,,,,,,,,,,,,,,,,,,,,,
WORD01247,consequently,,,,,,consequently,,,,,,,,,,,,,,,,,,,,,,,,,,,,
WORD01248,dall,,,dall,,,,,,,,,,,,,,,,,,,,,,,,,,,,,,,
WORD01249,variety,,,,,,variety,,,,,,,,,,,,,,,,,,,,,,,,,,,,
WORD01250,intentional,,,,,,intentional,,,,,,,,,,,,,,,,,,,,,,,,,,,,
WORD01251,date,,,,,,date,,,,,,,,,,,,,,,,,,,,,,,,,,,,
WORD01252,legitimacy,,,,,,legitimacy,,,,,,,,,,,,,,,,,,,,,,,,,,,,
WORD01253,experience,,,,experience,,experience,,,,,,,,,,,,,,,,,,,,,,,,,,,,
WORD01254,gendered,,,,,,gendered,,,,,,,,,,,,,,,,,,,,,,,,,,,,
WORD01255,space,,,,,,space,,,,,,,,,,,,,,,,,,,,,,,,,,,,
WORD01256,dangerous,,dangerous,,,,,,,,,dangerous,,,,,,,,,,,,,,,,,,,,,,,
WORD01257,concrete,,,,,,concrete,,,,,,,,,,,,,,,,,,,,,,,,,,,,
WORD01258,recommendations,,,,,,recommendations,,,,,,,,,,,,,,,,,,,,,,,,,,,,
WORD01259,much,,,,,,much,,,,,,,,,,,,,,,,,,,,,,,,,,,,
WORD01260,programs,,,,,,programs,,,,,,,,,,,,,,,,,,,,,,,,,,,,
WORD01261,significance,,,,,,significance,,,,,,,,,,,,,,,,,,,,,,,,,,,,
WORD01262,exploring,,,,,exploring,,,,,,,,,,,,,,,,,,,,,,,,,,,,,
WORD01263,research,,,,,,research,,,,,,,,,,,,,research,research,,research,,,,research,,,,,,research,,
WORD01264,digital,,,digital,,,,,,,,,,,,,,,,,,,,,,,,,,,,,,,
WORD01265,reached,,,,,,reached,,,,,,,,,,,,,,,,,,,,,,,,,,,,
WORD01266,accompany,,,,,accompany,,,,,,,,,,,,,,,,,,,,,,,,,,,,,
WORD01267,based,,,,,,based,,,,,,,,,,,,,,,,,,,,,,,,,,,,
WORD01268,behind,,,,,,behind,,,,,,,,,,,,,,,,,,,,,,,,,,,,
WORD01269,phd,,,,,,phd,,,,,,,,,,,,,,,,,,,,,,,,,,,,
WORD01270,rotating,,,,,,rotating,,,,,,,,,,,,,,,,,,,,,,,,,,,,
WORD01271,pronged,,,,,,pronged,,,,,,,,,,,,,,,,,,,,,,,,,,,,
WORD01272,pivotal,,,,,,pivotal,,,,,,,,,,,,,,,,,,,,,,,,,,,,
WORD01273,via,,,,,,via,,,,,,,,,,,,,,,,,,,,,,,,,,,,
WORD01274,rai,,,,,,rai,,,,,,,,,,,,,,,,,,,,,,,,,,,,
WORD01275,contents,,,,,,contents,,,,,,,,,,,,,,,,,,,,,,,,,,,,
WORD01276,criticisms,,criticisms,,,,,,,,,,,,,,,,,,,,,,,,,,criticisms,,,,,,
WORD01277,brazil,,,,,,brazil,,,,,,,,,,,,,,,,,,,,,,,,,,,,
WORD01278,values,values,,,,,,,,,,,,,,,,,,,,,,,,,,,,,,,,,
WORD01279,non,,,,,,non,,,,,,,,,,,,,,,,,,,,,,,,,,,,
WORD01280,aren,,,,,,aren,,,,,,,,,,,,,,,,,,,,,,,,,,,,
WORD01281,informed,,,,,,informed,,,,informed,,,,,,,,,,,,,,,,,,,,,,,,
WORD01282,customers,,,,,,customers,,,,,,,,,,,,,,,,,,,,,,,,,,,,
WORD01283,cs,,,cs,,,,,,,,,,,,,,,,,,,,,,,,,,,,,,,
WORD01284,students,,,,students,,students,,,,,,,,,,,,,,,,,,,,,,,,,,,,
WORD01285,scope,,,,,,scope,,,,,,,,,,,,,,,,,,,,,,,,,,,,
WORD01286,externalized,,,,,externalized,,,,,,,,,,,,,,,,,,,,,,,,,,,,,
WORD01287,clean,,,,,,clean,,,,,,,,,,,,,,,,,,,,,,,,,,,,
WORD01288,bulgaria,,,,,,bulgaria,,,,,,,,,,,,,,,,,,,,,,,,,,,,
WORD01289,least,,,,,,least,,,,,,,,,,,,,,,,,,,,,,,,,,,,
WORD01290,raf,,,,,,raf,,,,,,,,,,,,,,,,,,,,,,,,,,,,
WORD01291,ecosystem,,,,,,ecosystem,,,,,,,,,,,,,,,,,,,,,,,,,,,,
WORD01292,articulating,,,,,,articulating,,,,,,,,,,,,,,,,,,,,,,,,,,,,
WORD01293,whether,,,,,,whether,,,,,,,,,,,,,,,,,,,,,,,,,,,,
WORD01294,globally,,,,,,globally,,,,,,,,,,,,,,,,,,,,,,,,,,,,
WORD01295,rapid,,,,,,rapid,,,,,,,,,,,,,,,,,,,,,,,,,,,,
WORD01296,compute,,,,,compute,,,,,,,,,,,,,,,,,,,,,,,,,,,,,
WORD01297,governance,,,,,,,,,governance,,,,,,,,,governance,governance,,,,,,,,,,,,,,,
WORD01298,violate,,violate,,,,,,,,,,,,,,,,,,,,,,,,,,,,,,,violate,
WORD01299,tooling,,,,,,tooling,,,,,,,,,,,,,,,,,,,,,,,,,,,,
WORD01300,pais,,,,,,pais,,,,,,,,,,,,,,,,,,,,,,,,,,,,
WORD01301,statistical,,,,,,statistical,,,,,,,,,,,,,,,,,,,,,,,,,,,,
WORD01302,manifested,,,,,,manifested,,,,,,,,,,,,,,,,,,,,,,,,,,,,
WORD01303,ago,,,,,,ago,,,,,,,,,,,,,,,,,,,,,,,,,,,,
WORD01304,centering,,,,,,centering,,,,,,,,,,,,,,,,,,,,,,,,,,,,
WORD01305,specifically,,,,,,specifically,,,,,,,,,,,,,,,,,,,,,,,,,,,,
WORD01306,service,,,,,,service,,,,,,,,,,,,,,,,,,,,,,,,,,,,
WORD01307,last,,,,,,last,,,,,,,,,,,,,,,,,,,,,,,,,,,,
WORD01308,unaddressed,,unaddressed,,,,,,,,,,,,,,,,,,,,,,,,,,,,,,,,
WORD01309,means,,,,,,means,,,,,,,,,,,,,,,,,,,,,,,,,,,,
WORD01310,benchmarking,,,,,,benchmarking,,,,,,,,,,,,,,benchmarking,,,,,,,,,,,,,,
WORD01311,respond,,,,,respond,,,,,,,,,,,,,,,,,,,,,,,,,,,,,
WORD01312,exceeding,,,,,,exceeding,,,,,,,,,,,,,,,,,,,,,,,,,,,,
WORD01313,complementary,,,,,,complementary,,,,,,,,,,,,,,,,,,,,,,,,,,,,
WORD01314,artificial,,,artificial,,,,,,,,,,,,,,,,,,,,,,,,,,,,,,,
WORD01315,resemble,,,,,resemble,,,,,,,,,,,,,,,,,,,,,,,,,,,,,
WORD01316,monde,,,,,,monde,,,,,,,,,,,,,,,,,,,,,,,,,,,,
WORD01317,structured,,,,,,structured,,,,,,,,,,,,,,,,,,,,,,,,,,,,
WORD01318,explore,,,,,explore,explore,,,,,,,,,,,,,,,,,,,,,,,,,,,,
WORD01319,committed,,,,,,committed,,,,,,,,,,,,,,,,,,,,,,,,,,,,
WORD01320,effectively,,,,,,effectively,,,,,,,,,,,,,,,,,,,,,,,,,,,,
WORD01321,experiences,,,,,,experiences,,,,,,,,,,,,,,,,,,,,,,,,,,,,
WORD01322,developing,,,,,developing,developing,,,,,,,,,,,,,,,,,,,,,,,,,,,,
WORD01323,internally,,,,,,internally,,,,,,,,,,,,,,,,,,,,,,,,,,,,
WORD01324,customized,,,,,,customized,,,,,,,,,,,,,,,,,,,,,,,,,,,,
WORD01325,feature,,,feature,,,feature,,,,,,,,,,,,,,,,,,,,,,,,,,,,
WORD01326,management,,,,,,management,,,,,,,,,,,,,,,,,,,,,,,,,,,,
WORD01327,interpersonal,,,,interpersonal,,,,,,,,,,,,,,,,,,,,,,,,,,,,,,
WORD01328,average,,,,,,average,,,,,,,,,,,,,,,,,,,,,,,,,,,,
WORD01329,test,,,,,test,test,,,,,,,,,,,,,,test,,,,,,,,,,,,,,
WORD01330,naturally,,,,,,naturally,,,,,,,,,,,,,,,,,,,,,,,,,,,,
WORD01331,method,,,,,,method,,,,,,,,,,,,,,,,,,,,,,,,,,,,
WORD01332,deploy,,,,,deploy,,,,,,,,,,,,,,,,,,,,,,,,,,,,,
WORD01333,targeted,,,,,,targeted,,,,,,,,,,,,,,,,,,,,,,,,,,,,
WORD01334,technology,,,technology,,,technology,,,,,,,,,,,,,,,,,,,,,,,,,,,,
WORD01335,greater,,,,,,greater,,,,,,,,,,,,,,,,,,,,,,,,,,,,
WORD01336,tool,,,,,,tool,,,,,,,,,,,,,,,,,,,,,,,,,,,,
WORD01337,biggest,,,,,,biggest,,,,,,,,,,,,,,,,,,,,,,,,,,,,
WORD01338,collectively,,,,,,collectively,,,,,,,,,,,,,,,,,,,,collectively,,,,,,,,
WORD01339,output,,,,,,output,,,,,,,,,,,,,,,,,,,,,,,,,,,,
WORD01340,look,,,,,,look,,,,,,,,,,,,,,,,,,,,,,,,,,,,
WORD01341,produce,,,,,produce,produce,,,,,,,,,,,,,,,,,,,,,,,,,,,,
WORD01342,minimal,,,,,,minimal,,,,,,,,,,,,,,,,,,,,,,,,,,,,
WORD01343,committee,,,,,,committee,,,,,,,,,,,,,committee,,,,,,,,,,,,,,,
WORD01344,humancentered,,,humancentered,,,,,,,,,,,,,,,,,,,,,,,,,,,,,,,
WORD01345,participants,,,,,,participants,,,,,,,,,,,,,,,,,,,,,participants,,,,,,,
WORD01346,securing,,,,,,securing,,,,,,,,,,,,,,,,,,,,,,,,,,,,
WORD01347,point,,,,,,point,,,,,,,,,,,,,,,,,,,,,,,,,,,,
WORD01348,analyze,,,,,analyze,,,,,,,,,,,,,,,,,,,,,,,,,,,,,
WORD01349,eradicate,,,,,eradicate,,,,,,,,,,,,,,,,,,,,,,,,,,,,,
WORD01350,study,,,,,,study,,,,,,,,,,,,,,study,,,,,,,,,,,,,,
WORD01351,nielsen,,,,,,nielsen,,,,,,,,,,,,,,,,,,,,,,,,,,,,
WORD01352,unique,,,,,,unique,,,,,,,,,,,,,,,,,,,,,,,,,,,,
WORD01353,shape,,,,,shape,,,,,,,,,,,,,,,,,,,,,,,,,,,,,
WORD01354,worse,,worse,,,,,,,,,,,,,,,,,,,,,,,,,,,,,,,,
WORD01355,financial,,,,,,financial,,,,,,,,,,,,,,,,,,,,,,,,,,,,
WORD01356,advances,,,,,,advances,,,,,,,,,,,,,,,,,,,,,,,,,,,,
WORD01357,non_binary,,,,non_binary,,,,,,,,,,,non_binary,,,,,,,,,,,,,,,,,,,
WORD01358,actual,,,,,,actual,,,,,,,,,,,,,,,,,,,,,,,,,,,,
WORD01359,challenges,,challenges,,,,challenges,,,,,,,,,,,,,,,,,challenges,,,,,,,,,,,challenges
WORD01360,select,,,,,select,,,,,,,,,,,,,,,,,,,,,,,,,,,,,
WORD01361,historical,,,,,,historical,,,,,,,,,,,,,,,,,,,,,,,,,,,,
WORD01362,protection,,,,,,,,,,,protection,,,,,,,,,,,,,,,,,,,,,,,
WORD01363,managers,,,,,,managers,,,,,,,,,,,,,,,,,,,,,,,,,,,,
WORD01364,put,,,,,put,put,,,,,,,,,,,,,,,,,,,,,,,,,,,,
WORD01365,lamda,,,lamda,,,,,,,,,,,,,,,,,,,,,,,,,,,,,,,
WORD01366,among,,,,,,among,,,,,,,,,,,,,,,,,,,,,,,,,,,,
WORD01367,tier,,,,,,tier,,,,,,,,,,,,,,,,,,,,,,,,,,,,
WORD01368,audiences,,,,,,audiences,,,,,,,,,,,,,,,,,,,,,,,,,,,,
WORD01369,electronics,,,,,,electronics,,,,,,,,,,,,,,,,,,,,,,,,,,,,
WORD01370,basis,,,,,,basis,,,,,,,,,,,,,,,,,,,,,,,,,,,,
WORD01371,implemented,,,,,,implemented,,,,,,,,,,,,,,,,,,,,,,,,,,,,
WORD01372,education,,,,education,,education,,,,,,,,,,,,,,,,,,,,,,,,,,education,,
WORD01373,reference,,,,,,reference,,,,,,,,,,,,,,,,,,,,,,,,,,,,
WORD01374,provider,,,,,,provider,,,,,,,,,,,,,,,,,,,,,,,,,,,,
WORD01375,statements,,,,,,statements,,,,,,,,,,,,,,,,,,,,,,,,,,,,
WORD01376,underrepresented,,,,underrepresented,,underrepresented,,,,,,,,underrepresented,underrepresented,,,,,,,,,,,,,,,,,,,
WORD01377,profair,,,,,,profair,,,,,,,,,,,,,,,,,,,,,,,,,,,,
WORD01378,major,,,,,,major,,,,,,,,,,,,,,,,,,,,,,,,,,,,
WORD01379,questions,,,,,,questions,,,,,,,,,,,,,,,,,,,,,,,,,,,,
WORD01380,teams,,,,,,teams,,,,,,,,,,,,,,,,,,,,teams,,,,,,,,
WORD01381,looked,,,,,,looked,,,,,,,,,,,,,,,,,,,,,,,,,,,,
WORD01382,six,,,,,,six,,,,,,,,,,,,,,,,,,,,,,,,,,,,
WORD01383,implementation,,,,,,implementation,,,,,,,,,,,,,,,,,,,,,,,,,,,,
WORD01384,cloud,,,cloud,,,,,,,,,,,,,,,,,,,,,,,,,,,,,,,
WORD01385,convenient,,,,,,convenient,,,,,,,,,,,,,,,,,,,,,,,,,,,,
WORD01386,progress,,,,,progress,progress,,,,,,,,,,,,,,,,,,,,,,,,,,,,
WORD01387,aware,,,,,,aware,,,,,,,,,,,,,,,,,,,,,,,,,,,,
WORD01388,spread,,,,,spread,spread,,,,,,,,,,,,,,,,,,,,,,,,,,,,
WORD01389,focusing,,,,,focusing,,,,,,,,,,,,,,,,,,,,,,,,,,,,,
WORD01390,chicago,,,,,,chicago,,,,,,,,,,,,,,,,,,,,,,,,,,,,
WORD01391,golden,,,,,,golden,,,,,,,,,,,,,,,,,,,,,,,,,,,,
WORD01392,structures,,,,,,structures,,,,,,,,,,,,,,,,,,,,,,,,,,,,
WORD01393,depicting,,,,,depicting,,,,,,,,,,,,,,,,,,,,,,,,,,,,,
WORD01394,exhibits,,,,,,exhibits,,,,,,,,,,,,,,,,,,,,,,,,,,,,
WORD01395,dotted,,,,,,dotted,,,,,,,,,,,,,,,,,,,,,,,,,,,,
WORD01396,led,,,,,,led,,,,,,,,,,,,,,,,,,,,,,,,,,,,
WORD01397,visualization,,,visualization,,,,,,,,,,,,,,,,,,,,,,,,,,,,,,,
WORD01398,ai_principles,ai_principles,,,,,,,,,,,,,,,,,,,,,,,,,,,,,,,,,
WORD01399,sectors,,,,,,sectors,,,,,,,,,,,,,,,,,,,,,,,,,,,,
WORD01400,resulting,,,,,,resulting,,,,,,,,,,,,,,,,,,,,,,,,,,,,
WORD01401,highlights,,,,,,highlights,,,,,,,,,,,,,,,,,,,,,,,,,,,,
WORD01402,establishes,,,,,establishes,,,,,,,,,,,,,,,,,,,,,,,,,,,,,
WORD01403,norms,norms,,,norms,,norms,,,,,,,,,,,,norms,,,,,,,,,,,,,,,,
WORD01404,delivered,,,,,,delivered,,,,,,,,,,,,,,,,,,,,,,,,,,,,
WORD01405,documents,,,,,,documents,,,,,,,,,,,,,,,,,,,,,,,,,,,,
WORD01406,viral,,viral,,,,,,,,,,,,,,,,,,,,,,,,,,,,,,,,
WORD01407,making,,,,,making,making,,,,,,,,,,,,,,,,,,,,,,,,,,,,
WORD01408,assessed,,,,,assessed,assessed,,,,,,,,,,,,,,,,,,,,,,,,,,,,
WORD01409,rooted,,,,,,rooted,,,,,,,,,,,,,,,,,,,,,,,,,,,,
WORD01410,foreseeable,,,,,,foreseeable,,,,,,,,,,,,,,,,,,,,,,,,,,,,
WORD01411,achieving,,,,,,achieving,,,,,,,,,,,,,,,,,,,,,,,,,,,,
WORD01412,commitment,,,,,,commitment,,,,,,,,,,,,,,,,,,,,,,,,,,,,
WORD01413,pre,,,,,,pre,,,,,,,,,,,,,,,,,,,,,,,,,,,,
WORD01414,senior,,,,,,senior,,,,,,,,,,,,,,,,,,,,,,,,,,,,
WORD01415,categorizing,,,,,,categorizing,,,,,,,,,,,,,,,,,,,,,,,,,,,,
WORD01416,features,,,features,,,features,,,,,,,,,,,,,,,,,,,,,,,,,,,,
WORD01417,part,,,,,,part,,,,,,,,,,,,,,,,,,,,,,,,,,,,
WORD01418,scouts,,,,,,scouts,,,,,,,,,,,,,,,,,,,,,,,,,,,,
WORD01419,alignment,alignment,,,,,alignment,,,,,,,,,,,,,,,,,,,,,,,,,,,,
WORD01420,geographically,,,,,,geographically,,,,,,,,,,,,,,,,,,,,,,,,,,,,
WORD01421,open,,,,,,open,,open,,,,,,,,,,,,,,,,,,,,,,,,,,
WORD01422,linguistics,,,,,,linguistics,,,,,,,,,,,,,,,,,,,,,,,,,,,,
WORD01423,object,,,,,,object,,,,,,,,,,,,,,,,,,,,,,,,,,,,
WORD01424,step,,,,,,step,,,,,,,,,,,,,,,,,,,,,,,,,,,,
WORD01425,start,,,,,start,,,,,,,,,,,,,,,,,,,,,,,,,,,,,
WORD01426,sourced,,,,,sourced,,,,,,,,,,,,,,,,,,,,,,,,,,,,,
WORD01427,consistency,,,,,,consistency,,,,,,,,,,,,,,,,,,,,,,,,,,,,
WORD01428,collective,,,,,,collective,,,,,,,,,,,,,,,,,,,,collective,,,,,,,,
WORD01429,vertex,,,vertex,,,,,,,,,,,,,,,,,,,,,,,,,,,,,,,
WORD01430,interpretation,,,,,,interpretation,,,,,,,,,,,,,,,,,,,,,,,,,,,,
WORD01431,preference,,,,,,preference,,,,,,,,,,,,,,,,,,,,,,,,,,,,
WORD01432,coming,,,,,,coming,,,,,,,,,,,,,,,,,,,,,,,,,,,,
WORD01433,opinion,,,,,,opinion,,,,,,,,,,,,,,,,,,,,,,,,,,,,
WORD01434,maturity,,,,,,maturity,,,,,,,,,,,,,,maturity,,,,,,,,,,,,,,
WORD01435,categorization,,,,,,categorization,,,,,,,,,,,,,,,,,,,,,,,,,,,,
WORD01436,determine,,,,,determine,determine,,,,,,,,,,,,,,,,,,,,,,,,,,,,
WORD01437,possible,,,,,,possible,,,,,,,,,,,,,,,,,,,,,,,,,,,,
WORD01438,culturally,,,,,,culturally,,,,,,,,,,,,,,,,,,,,,,,,,,,,
WORD01439,mentorship,,,,,,mentorship,,,,,,,,,,,,,,,,,,,,,,,,,,,,
WORD01440,strategic,,,,,,strategic,,,,,,,,,,,,,,,,,,,,,,,,,,,,
WORD01441,behavior,,,,,,behavior,,,,,,,,,,,,,,,,,,,,,,,,,,,,
WORD01442,total,,,,,,total,,,,,,,,,,,,,,,,,,,,,,,,,,,,
WORD01443,help,,,,,help,help,,,,,,help,,,,,,,,,,,,,,,,,,,,,,
WORD01444,suggests,,,,,suggests,,,,,,,,,,,,,,,,,,,,,,,,,,,,,
WORD01445,eliminated,,,,,eliminated,,,,,,,,,,,,,,,,,,,,,,,,,,,,,
WORD01446,offered,,,,,,offered,,,,,,,,,,,,,,,,,,,,,,,,,,,,
WORD01447,following,,,,,,following,,,,,,,,,,,,,,,,,,,,,,,,,,,,
WORD01448,prevent,,,,,prevent,,,,,,,,,,,,,,,,,,,prevent,prevent,,,,,,,,,
WORD01449,collaborating,,,,,,collaborating,,,,,,,,,,,,,,,,,,,,,,,,,,,,
WORD01450,forefront,,,,,,forefront,,,,,,,,,,,,,,,,,,,,,,,,,,,,
WORD01451,race,,,,race,,,,,,,,,,,race,,,,,,,,,,,,,,,,,,,
WORD01452,play,,,,,play,play,,,,,,,,,,,,,,,,,,,,,,,,,,,,
WORD01453,fellows,,,,,,fellows,,,,,,,,,,,,,,,,,,,,,,,,,,,,
WORD01454,automated,,,automated,,,,,,,,,,,,,,,,,,,,,,,,,,,,,,,
WORD01455,refresh,,,,,refresh,,,,,,,,,,,,,,,,,,,,,,,,,,,,,
WORD01456,addresses,,,,,addresses,,,,,,,,,,,,,,,,,,,,,,,,,,,,,
WORD01457,consultation,,,,,,,,,,,,,,,,,,,,,,,,,,,,consultation,,,,,,
WORD01458,outputs,,,outputs,,,outputs,,,,,,,,,,,,,,,,,,,,,,,,,,,,
WORD01459,three,,,,,,three,,,,,,,,,,,,,,,,,,,,,,,,,,,,
WORD01460,subject,,,,subject,,subject,,,,,,,,,,,,,,,,,,,,,,,,,,,,
WORD01461,highly,,,,,,highly,,,,,,,,,,,,,,,,,,,,,,,,,,,,
WORD01462,unprecedented,,,,,,unprecedented,,,,,,,,,,,,,,,,,,,,,,,,,,,,
WORD01463,leveraged,,,,,leveraged,,,,,,,,,,,,,,,,,,,,,,,,,,,,,
WORD01464,represented,,,,,,represented,,,,,,,,,,,,,,,,,,,,,,,,,,,,
WORD01465,designing,,,,,designing,designing,,,,,,,,,,,,,,,,,,,,,,,,,,,,
WORD01466,influenced,,,,,,influenced,,,,,,,,,,,,,,,,,,,,,,,,,,,,
WORD01467,majority,,,,,,majority,,,,,,,,,,,,,,,,,,,,,,,,,,,,
WORD01468,adopted,,,,,,adopted,,,,,,,,,,,,,,,,,,,,,,,,,,,,
WORD01469,engagement,,,,,,engagement,,,,,,,,engagement,,,,,,,,,,,,engagement,engagement,,,,,,,
WORD01470,pornographic,,pornographic,,,,,,,,,,,,,,,,,,,,,,,,,,,,,,,,
WORD01471,canada,,,,,,canada,,,,,,,,,,,,,,,,,,,,,,,,,,,,
WORD01472,trust,trust,,,,,,,,,,,,trust,,,,,,,,,,,,,,,,,,,,,
WORD01473,preparing,,,,,preparing,,,,,,,,,,,,,,,,,,,,,,,,,,,,,
WORD01474,governments,,,,,,governments,,,,,,,,,,,,,,,,,,,,,,,,,,,,
WORD01475,pac,,,,,,pac,,,,,,,,,,,,,,,,,,,,,,,,,,,,
WORD01476,conflicting,,,,,,conflicting,,,,,,,,,,,,,,,,,,,,,,,,,,,,
WORD01477,iterate,,,,,iterate,iterate,,,,,,,,,,,,,,,,,,,,,,,,,,,,
WORD01478,encoder,,,encoder,,,,,,,,,,,,,,,,,,,,,,,,,,,,,,,
WORD01479,interpret,,,,,interpret,,,,,,,,,,,,,,,,,,,,,,,,,,,,,
WORD01480,le,,,,,,le,,,,,,,,,,,,,,,,,,,,,,,,,,,,
WORD01481,risk_identification,,risk_identification,,,,,,,,,,,,,,,,,,,,,risk_identification,,,,,,,,,,,
WORD01482,risk mitigation,,,,,,,,,,,,,,,,,,,,,,,,risk mitigation,,,,,,,,,,
WORD01483,willingness,,,,willingness,,,,,,,,,,,,,,,,,,,,,,,,,,,,,,
WORD01484,gathering,,,,,gathering,gathering,,,,,,,,,,,,,,,,,,,,,,,,,,,,
WORD01485,reasons,,,,,,reasons,,,,,,,,,,,,,,,,,,,,,,,,,,,,
WORD01486,knowledge,,,,knowledge,,knowledge,,,,,,,,,,,,,,,,,,,,,,,,,,knowledge,,
WORD01487,sections,,,,,,sections,,,,,,,,,,,,,,,,,,,,,,,,,,,,
WORD01488,australia,,,,,,australia,,,,,,,,,,,,,,,,,,,,,,,,,,,,
WORD01489,continue,,,,,continue,continue,,,,,,,,,,,,,,,,,,,,,,,,,,,,
WORD01490,hispanicserving,,,,,,hispanicserving,,,,,,,,,,,,,,,,,,,,,,,,,,,,
WORD01491,national,,,,,,national,,,,,,,,,,,,,,,,,,,,,,,,,,,,
WORD01492,ammi,,,,,,ammi,,,,,,,,,,,,,,,,,,,,,,,,,,,,
WORD01493,leaders,,,,,,leaders,,,,,,,,,,,,,,,,,,,,,,,,,,,,
WORD01494,system,,,system,,,system,,,,,,,,,,,,,,,,,,,,,,,,,,,,
WORD01495,check,,,,,check,,,,,,,,,,,,,,,check,,,,,,,,,,,,,,
WORD01496,decided,,,,,,decided,,,,,,,,,,,,,,,,,,,,,,,,,,,,
WORD01497,draws,,,,,,draws,,,,,,,,,,,,,,,,,,,,,,,,,,,,
WORD01498,significantly,,,,,,significantly,,,,,,,,,,,,,,,,,,,,,,,,,,,,
WORD01499,different,,,,,,different,,,,,,,,,,,,,,,,,,,,,,,,,,,,
WORD01500,serves,,,,,,serves,,,,,,,,,,,,,,,,,,,,,,,,,,,,
WORD01501,best,,,,,,best,,,,,,best,,,,,,,,,,,,,,,,,,,,,,
WORD01502,whitepapers,,,,,,,,whitepapers,,,,,,,,,,,,,,whitepapers,,,,,,,,,,,,
WORD01503,ranging,,,,,,ranging,,,,,,,,,,,,,,,,,,,,,,,,,,,,
WORD01504,family,,,,family,,,,,,,,,,,,,,,,,,,,,,,,,,,,,,
WORD01505,including,,,,,,including,,,,,,,,,,,,,,,,,,,,,,,,,,,,
WORD01506,ratings,,,,,,ratings,,,,,,,,,,,,,,,,,,,,,,,,,,,,
WORD01507,educational,,,,,,educational,,,,,,,,,,,,,,,,,,,,,,,,,,educational,,
WORD01508,useful,,,,,,useful,,,,,,useful,,,,,,,,,,,,,,,,,,,,,,
WORD01509,dog,,,,,,dog,,,,,,,,,,,,,,,,,,,,,,,,,,,,
WORD01510,humans,,,,humans,,,,,,,,,,,,,,,,,,,,,,,,,,,,,,
WORD01511,environmental,,,,,,environmental,,,,,,,,,,,,,,,,,,,,,,,,,,,,
WORD01512,rely,,,,,rely,,,,,,,,,,,,,,,,,,,,,,,,,,,,,
WORD01513,techniques,,,,,,techniques,,,,,,,,,,,,,,,,,,,,,,,,,,,,
WORD01514,facct,,,facct,,,facct,,,,,,,,,,,,,,,,,,,,,,,,,,,,
WORD01515,two,,,,,,two,,,,,,,,,,,,,,,,,,,,,,,,,,,,
WORD01516,collection,,,,,,collection,,,,,,,,,,,,,,,,,,,,,,,,,,,,
WORD01517,leading,,,,,,leading,,,,,,,,,,,,,,,,,,,,,,,,,,,,
WORD01518,app,,,app,,,app,,,,,,,,,,,,,,,,,,,,,,,,,,,,
WORD01519,future risk,,,,,,,,,,,,,,,,,,,,,,,,,,,,,,future risk,,,,
WORD01520,optimistic,,,,,,optimistic,,,,,,,,,,,,,,,,,,,,,,,,,,,,
WORD01521,handle,,,,,handle,,,,,,,,,,,,,,,,,,,,,,,,,,,,,
WORD01522,added,,,,,,added,,,,,,,,,,,,,,,,,,,,,,,,,,,,
WORD01523,scaling,,,,,,scaling,,,,,,,,,,,,,,,,,,,,,,,,,,,,
WORD01524,debated,,,,,debated,,,,,,,,,,,,,,,,,,,,,,,,,,,,,
WORD01525,offer,,,,,offer,offer,,,,,,,,,,,,,,,,,,,,,,,,,,,,
WORD01526,prior,,,,,,prior,,,,,,,,,,,,,,,,,,,,,,,,,,,,
WORD01527,encodes,,,,,encodes,,,,,,,,,,,,,,,,,,,,,,,,,,,,,
WORD01528,able,,,,,,able,,,,,,,,,,,,,,,,,,,,,,,,,,,,
WORD01529,assurance,,,,,,assurance,,,,,,,,,,,,,,assurance,,,,,,,,,,,,,,
WORD01530,hardware,,,hardware,,,,,,,,,,,,,,,,,,,,,,,,,,,,,,,
WORD01531,exceed,,,,,,exceed,,,,,,,,,,,,,,,,,,,,,,,,,,,,
WORD01532,machinery,,,,,,machinery,,,,,,,,,,,,,,,,,,,,,,,,,,,,
WORD01533,fitzpatrick,,,,,,fitzpatrick,,,,,,,,,,,,,,,,,,,,,,,,,,,,
WORD01534,inquiry,,,,,,inquiry,,,,,,,,,,,,,,,,,,,,,,,,,,,,
WORD01535,launched,,,,,launched,launched,,,,,,,,,,,,,,,,,,,,,,,,,,,,
WORD01536,skews,,,,,,skews,,,,,,,,,,,,,,,,,,,,,,,,,,,,
WORD01537,nature,,,,,,nature,,,,,,,,,,,,,,,,,,,,,,,,,,,,
WORD01538,amount,,,,,,amount,,,,,,,,,,,,,,,,,,,,,,,,,,,,
WORD01539,opportunities,,,,,,opportunities,,,,,,,,,,,,,,,,,,,,,,,,,,,,
WORD01540,spanned,,,,,,spanned,,,,,,,,,,,,,,,,,,,,,,,,,,,,
WORD01541,deepmind,,,,,,deepmind,,,,,,,,,,,,,,,,,,,,,,,,,,,,
WORD01542,aiforall,,,,,,aiforall,,,,,,,,,,,,,,,,,,,,,,,,,,,,
WORD01543,continues,,,,,,continues,,,,,,,,,,,,,,,,,,,,,,,,,,,,
WORD01544,appl,,,,,,appl,,,,,,,,,,,,,,,,,,,,,,,,,,,,
WORD01545,per,,,,,,per,,,,,,,,,,,,,,,,,,,,,,,,,,,,
WORD01546,detect,,,,,detect,,,,,,,,,,,,,,,,detect,,,,,,,,,,,,,
WORD01547,concept,,,,,,concept,,,,,,,,,,,,,,,,,,,,,,,,,,,,
WORD01548,processes,,,,,,processes,,,,,,,,,,,,processes,,,,,,,,,,,,,,,,
WORD01549,school,,,,,,school,,,,,,,,,,,,,,,,,,,,,,,,,,,,
WORD01550,vital,,,,,,vital,,,,,,,,,,,,,,,,,,,,,,,,,,,,
WORD01551,understand,,,,,understand,understand,,,,,,,,,,,,,,,,,understand,,,,,,,,,,,
WORD01552,scalable,,,,,,scalable,,,,,,,,,,,,,,,,,,,,,,,,,,,,
WORD01553,inclusivity,,,,,,inclusivity,,,,,,,,,,,,,,,,,,,,,,,,,,,,
WORD01554,assessing,,,,,,assessing,,,,,,,,,,,,,,,,,,,,,,,,,,,,
WORD01555,partner,,,,,,partner,,,,,,,,,,,,,,,,,,,,,,,,,,,,
WORD01556,internal,,,,,,internal,,,,,,,,,,,,,,,,,,,,,,,,,,,,
WORD01557,despite,,,,,,despite,,,,,,,,,,,,,,,,,,,,,,,,,,,,
WORD01558,constraints,,,,,,constraints,,,,,,,,,,,,,,,,,,,,,,,,,,,,constraints
WORD01559,published,,,,,published,,,,,,,,,,,,,,,,,,,,,,,,,,,,,
WORD01560,question,,,,,,question,,,,,,,,,,,,,,,,,,,,,,,,,,,,
WORD01561,increase,,,,,increase,,,,,,,,,,,,,,,,,,,,,,,,,,,,,
WORD01562,automatically,,,,,,automatically,,,,,,,,,,,,,,,,,,,,,,,,,,,,
WORD01563,embody,,,,,embody,,,,,,,,,,,,,,,,,,,,,,,,,,,,,
WORD01564,spreads,,,,,,spreads,,,,,,,,,,,,,,,,,,,,,,,,,,,,
WORD01565,blue,,,,,,blue,,,,,,,,,,,,,,,,,,,,,,,,,,,,
WORD01566,yields,,,,,,yields,,,,,,,,,,,,,,,,,,,,,,,,,,,,
WORD01567,know,,,,,,know,,,,,,,,,,,,,,,,,,,,,,,,,,,,
WORD01568,recall,,,,,,recall,,,,,,,,,,,,,,,,,,,,,,,,,,,,
WORD01569,passion,,,,,,passion,,,,,,,,,,,,,,,,,,,,,,,,,,,,
WORD01570,english,,,,,,english,,,,,,,,,,,,,,,,,,,,,,,,,,,,
WORD01571,moved,,,,,,moved,,,,,,,,,,,,,,,,,,,,,,,,,,,,
WORD01572,introduce,,,,,,introduce,,,,,,,,,,,,,,,,,,,,,,,,,,,,
WORD01573,ve,,,,,,ve,,,,,,,,,,,,,,,,,,,,,,,,,,,,
WORD01574,intellectual,,,,,,intellectual,,,,,,,,,,,,,,,,,,,,,,,,,,,,
WORD01575,started,,,,,started,,,,,,,,,,,,,,,,,,,,,,,,,,,,,
WORD01576,hand,,,,,,hand,,,,,,,,,,,,,,,,,,,,,,,,,,,,
WORD01577,future,,,,future,,future,,,,,,,,,,,,,,,,,,,,,,,,future,,,,
WORD01578,structure,,,,,,structure,,,,,,,,,,,,structure,,,,,,,,,,,,,,,,
WORD01579,every,,,,,,every,,,,,,,,,,,,,,,,,,,,,,,,,,,,
WORD01580,third,,,,,,third,,,,,,,,,,,,,,,,,,,,,,,,,,,,
WORD01581,academia,,,,,,academia,,,,,,,,,,,,,,,,,,,,,,,,,,,,
WORD01582,try,,,,,,try,,,,,,,,,,,,,,,,,,,,,,,,,,,,
WORD01583,encouraging,,,,,,encouraging,,,,,,,,,,,,,,,,,,,,,,,,,,,,
WORD01584,arrive,,,,,arrive,,,,,,,,,,,,,,,,,,,,,,,,,,,,,
WORD01585,television,,,,,,television,,,,,,,,,,,,,,,,,,,,,,,,,,,,
WORD01586,launches,,,,,,launches,,,,,,,,,,,,,,,,,,,,,,,,,,,,
WORD01587,finally,,,,,,finally,,,,,,,,,,,,,,,,,,,,,,,,,,,,
WORD01588,equip,,,,,equip,,,,,,,,,,,,,,,,,,,,,,,,,,,,,
WORD01589,residents,,,,,,residents,,,,,,,,,,,,,,,,,,,,,,,,,,,,
WORD01590,branch,,,,,,branch,,,,,,,,,,,,,,,,,,,,,,,,,,,,
WORD01591,understanding,,,,understanding,,understanding,,understanding,,,,,,,,,,,,,,,,,,,,,,,,,,
WORD01592,alphabet,,,,,,alphabet,,,,,,,,,,,,,,,,,,,,,,,,,,,,
WORD01593,starting,,,,,,starting,,,,,,,,,,,,,,,,,,,,,,,,,,,,
WORD01594,programming,,,programming,,,,,,,,,,,,,,,,,,,,,,,,,,,,,,,
WORD01595,environment,,,,,,environment,,,,,,,,,,,,,,,,,,,,,,,,,,,,
WORD01596,explanations,,,,,,explanations,,explanations,,,,,,,,,,,,,,,,,,,,,,,,,,
WORD01597,bias,,bias,,,,,bias,,,,,,,,,,,,,,,,bias,,,,,,,,,,,
WORD01598,pronouns,,,pronouns,,,pronouns,,,,,,,,,,,,,,,,,,,,,,,,,,,,
WORD01599,gather,,,,,gather,,,,,,,,,,,,,,,,,,,,,,,,,,,,,
WORD01600,lessons,,,,,,lessons,,,,,,,,,,,,,,,,,,,,,,,,,,,,
WORD01601,dashboard,,,dashboard,,,,,,,,,,,,,,,,,,,,,,,,,,,,,,,
WORD01602,expressed,,,,,,expressed,,,,,,,,,,,,,,,,,,,,,,expressed,,,,,,
WORD01603,pilot,,,,,,pilot,,,,,,,,,,,,,,,,,,,,,,,,,,,,
WORD01604,violence,,violence,,,,,,,,,,,,,,,,,,,,,,,,,,,,,,,,
WORD01605,pair,,,,,,pair,,,,,,,,,,,,,,,,,,,,,,,,,,,,
WORD01606,strive,,,,,strive,,,,,,,,,,,,,,,,,,,,,,,,,,,,,
WORD01607,measurement,,,,,,measurement,,,,,,,,,,,,,,,,,,,,,,,,,,,,
WORD01608,outlined,,,,,outlined,,,,,,,,,,,,,,,,,,,,,,,,,,,,,
WORD01609,portraying,,,,,,portraying,,,,,,,,,,,,,,,,,,,,,,,,,,,,
WORD01610,party,,,,,,party,,,,,,,,,,,,,,,,,,,,,,,,,,,,
WORD01611,exceeded,,,,,,exceeded,,,,,,,,,,,,,,,,,,,,,,,,,,,,
WORD01612,findable,,,,,findable,,,,,,,,,,,,,,,,,,,,,,,,,,,,,
WORD01613,damage,,damage,,,,,,,,,,,,,,,,,,,,,,,,,,,,,,,,
WORD01614,https,,,,,,https,,,,,,,,,,,,,,,,,,,,,,,,,,,,
WORD01615,blog,,,,,,blog,,,,,,,,,,,,,,,,blog,,,,,,,,,,,,
WORD01616,corporate,,,,,,corporate,,,,,,,,,,,,,,,,,,,,,,,,,,,,
WORD01617,align,,,,,align,,,,,,,,,,,,,,,,,,,,,,,,,,,,,
WORD01618,indicating,,,,,indicating,,,,,,,,,,,,,,,,,,,,,,,,,,,,,
WORD01619,maintain,,,,,maintain,,,,,,,,,,,,,,,,,,,,,,,,,,,,,
WORD01620,political,,,,political,,,,,,,,,,,political,,,,,,,,,,,,,,,,,,,
WORD01621,existing,,,,,,existing,,,,,,,,,,,,,,,,,,,,,,,,,,,,
WORD01622,keep,,,,,keep,keep,,,,,,,,,,,,,,,,,,,,,,,,,,,,
WORD01623,receive,,,,,receive,,,,,,,,,,,,,,,,,,,,,,,,,,,,,
WORD01624,larger,,,,,,larger,,,,,,,,,,,,,,,,,,,,,,,,,,,,
WORD01625,geared,,,,,,geared,,,,,,,,,,,,,,,,,,,,,,,,,,,,
WORD01626,appropriately,,,,,,appropriately,,,,,,,,,,,,,,,,,,,,,,,,,,,,
WORD01627,featured,,,,,,featured,,,,,,,,,,,,,,,,,,,,,,,,,,,,
WORD01628,engineers,,,,,,engineers,,,,,,,,,,,,,,,,,,,,,,,,,,,,
WORD01629,still,,,,,,still,,,,,,,,,,,,,,,,,,,,,,,,,,,,
WORD01630,demonstrated,,,,,,demonstrated,,,,,,,,,,,,,,,,,,,,,,,,,,,,
WORD01631,classifier,,,classifier,,,,,,,,,,,,,,,,,,,,,,,,,,,,,,,
WORD01632,end,,,,,,end,,,,,,,,,,,,,,,,,,,,,,,,,,,,
WORD01633,measures,,,,,,measures,,,,,,,,,,,,,,,,,,,,,,,,,,,,
WORD01634,sufficiently,,,,,,sufficiently,,,,,,,,,,,,,,,,,,,,,,,,,,,,
WORD01635,emphasis,,,,,,emphasis,,,,,,,,,,,,,,,,,,,,,,,,,,,,
WORD01636,inadvertently,,,,,,inadvertently,,,,,,,,,,,,,,,,,,,,,,,,,,,,
WORD01637,beneficence,beneficence,,,,,,,,,,,beneficence,,,,,,,,,,,,,,,,,,,,,,
WORD01638,users,,,,users,,users,,,,,,,,,,,,,,,,,,,,,users,,,,,,,
WORD01639,matching,,,,,matching,,,,,,,,,,,,,,,,,,,,,,,,,,,,,
WORD01640,realization,,,,,,realization,,,,,,,,,,,,,,,,,,,,,,,,,,,,
WORD01641,engagements,,,,,,engagements,,,,,,,,,,,,,,,,,,,,,,,,,,,,
WORD01642,one,,,,,,one,,,,,,,,,,,,,,,,,,,,,,,,,,,,
WORD01643,ukrainian,,,,,,ukrainian,,,,,,,,,,,,,,,,,,,,,,,,,,,,
WORD01644,stringent,,,,,,stringent,,,,,,,,,,,,,,,,,,,,,,,,,,,,stringent
WORD01645,systems,,,systems,,,,,,,,,,,,,,,,,,,,,,,,,,,,,,,
WORD01646,sets,,,,,,sets,,,,,,,,,,,,,,,,,,,,,,,,,,,,
WORD01647,media,,,media,,,media,,,,,,,,,,,,,,,,,,,,,,,,,,,,
WORD01648,scenarios,,,,,,scenarios,,,,,,,,,,,,,,,,,,,,,,,,,,,,
WORD01649,establish,,,,,establish,,,,,,,,,,,,,,,,,,,,,,,,,,,,,
WORD01650,delivery,,,,,,delivery,,,,,,,,,,,,,,,,,,,,,,,,,,,,
WORD01651,translation,,,translation,,,translation,,,,,,,,,,,,,,,,,,,,,,,,,,,,
WORD01652,looking,,,,,,looking,,,,,,,,,,,,,,,,,,,,,,,,,,,,
WORD01653,translate,,,,,translate,translate,,,,,,,,,,,,,,,,,,,,,,,,,,,,
WORD01654,lesson,,,,,,lesson,,,,,,,,,,,,,,,,,,,,,,,,,,,,
WORD01655,diversity,,,,,,,diversity,,,,,,,diversity,diversity,,,,,,,,,,,,,,,,,,,
WORD01656,groups,,,,groups,,groups,,,,,,,,groups,groups,,,,,,,,,,,,,,,,,,,
WORD01657,super,,,super,,,,,,,,,,,,,,,,,,,,,,,,,,,,,,,
WORD01658,frameworks,,,,,,frameworks,,,,,,,,,,,,frameworks,,,,,,,,,,,,,,,,
WORD01659,cards,,,,,,cards,,cards,,,,,,,,,,,,,,cards,,,,,,,,,,,,
WORD01660,methods,,,,,,methods,,,,,,,,,,,,,,,,,,,,,,,,,,,,
WORD01661,contribute,,,,,contribute,,,,,,,,,,,,,,,,,,,,,,,,,,,,,
WORD01662,take,,,,,take,take,,,,,,,,,,,,,,,,,,,,,,,,,,,,
WORD01663,sdgs,,,sdgs,,,,,,,,,,,,,,,,,,,,,,,,,,sdgs,,,,,
WORD01664,changes,,,,,,changes,,,,,,,,,,,,,,,,,,,,,,,,,,,,
WORD01665,singapore,,,,,,singapore,,,,,,,,,,,,,,,,,,,,,,,,,,,,
WORD01666,captured,,,,,,captured,,,,,,,,,,,,,,,,,,,,,,,,,,,,
WORD01667,body,,,,,,body,,,,,,,,,,,,,,,,,,,,,,,,,,,,
WORD01668,proposed,,,,,,proposed,,,,,,,,,,,,,,,,,,,,,,,,,,,,
WORD01669,considering,,,,,considering,considering,,,,,,,,,,,,,,,,,,,,,,,,,,,,
WORD01670,road,,,,,,road,,,,,,,,,,,,,,,,,,,,,,,,,,,,
WORD01671,setup,,,,,,setup,,,,,,,,,,,,,,,,,,,,,,,,,,,,
WORD01672,efficient,,,,,,efficient,,,,,,,,,,,,,,,,,,,,,,,,,,,,
WORD01673,universally,,,,,,universally,,,,,,,,,,,,,,,,,,,,,,,,,,,,
WORD01674,hires,,,,,,hires,,,,,,,,,,,,,,,,,,,,,,,,,,,,
WORD01675,studying,,,,,studying,,,,,,,,,,,,,,,,,,,,,,,,,,,,,
WORD01676,guidebook,,,,,,guidebook,,,,,,,,,,,,,,,,guidebook,,,,,,,,,,,,
WORD01677,place,,,,,,place,,,,,,,,,,,,,,,,,,,,,,,,,,,,
WORD01678,restrictions,,,,,,restrictions,,,,,,,,,,,,,,,,,,,,,,,,,,,restrictions,restrictions
WORD01679,ensure,,,,,ensure,,,,,,,,,,,,,,,,,,,,,,,,,,,,,
WORD01680,violating,,violating,,,,,,,,,,,,,,,,,,,,,,,,,,,,,,,,
WORD01681,google,,,google,,,google,,,,,,,,,,,,,,,,,,,,google,,,,,,,,
WORD01682,publish,,,,,publish,,,publish,,,,,,,,,,,,,,,,,,,,,,,,,,
WORD01683,dialogue,,,,,,dialogue,,,,,,,,,,,,,,,,,,,,dialogue,dialogue,,,,,,,
WORD01684,age,,,,age,,age,,,,,,,,,,,,,,,,,,,,,,,,,,,,
WORD01685,deployed,,,,,,deployed,,,,,,,,,,,,,,,,,,,,,,,,,,,,
WORD01686,unjust,,unjust,,,,,unjust,,,,,,,,,,,,,,,,,,,,,,,,,,,
WORD01687,regularly,,,,,,regularly,,,,,,,,,,,,,,,,,,,,,,,,,,,,
WORD01688,topics,,,,,,topics,,,,,,,,,,,,,,,,,,,,,,,,,,,,
WORD01689,gender,,,,gender,,,,,,,,,,,gender,,,,,,,,,,,,,,,,,,,
WORD01690,errors,,errors,,,,,,,,,,,,,,,,,,,,,,,errors,,,,,,,,,
WORD01691,acknowledging,,,,,,acknowledging,,,,,,,,,,,,,,,,,,,,,,,,,,,,
WORD01692,industry,,,,,,industry,,,,,,,,,,,,,,,,,,,,,,,,,,,,
WORD01693,original,,,,,,original,,,,,,,,,,,,,,,,,,,,,,,,,,,,
WORD01694,surrounding,,,,,,surrounding,,,,,,,,,,,,,,,,,,,,,,,,,,,,
WORD01695,include,,,,,include,include,,,,,,,,,,,,,,,,,,,,,,,,,,,,
WORD01696,compan,,,,,,compan,,,,,,,,,,,,,,,,,,,,,,,,,,,,
WORD01697,international,,,,,,international,,,,,,,,,,,,,,,,,,,,,,,,,,,,
WORD01698,safety,safety,,,,,safety,,,,,safety,,,,,,,,,,,,,,safety,,,,,,,,,
WORD01699,uv,,,,,,uv,,,,,,,,,,,,,,,,,,,,,,,,,,,,
WORD01700,ceo,,,,,,ceo,,,,,,,,,,,,,,,,,,,,,,,,,,,,
WORD01701,satellite,,,satellite,,,,,,,,,,,,,,,,,,,,,,,,,,,,,,,
WORD01702,specialized,,,,,,specialized,,,,,,,,,,,,,,,,,,,,,,,,,,,,
WORD01703,respect,respect,,,respect,,,,,,,,,,,,,,,,,,,,,,,,,,,,,,
WORD01704,minimized,,,,,minimized,,,,,,,,,,,,,,,,,,,,,,,,,,,,,
WORD01705,indirectly,,,,,,indirectly,,,,,,,,,,,,,,,,,,,,,,,,,,,,
WORD01706,stifling,,stifling,,,,,,,,,,,,,,,,,,,,,,,,,,,,,,,,
WORD01707,evaluation,,,,,,evaluation,,,,,,,,,,,,,,evaluation,evaluation,,,,,,,,,,,,,
WORD01708,neural,,,neural,,,,,,,,,,,,,,,,,,,,,,,,,,,,,,,
WORD01709,incubator,,,,,,incubator,,,,,,,,,,,,,,,,,,,,,,,,,,,,
WORD01710,manifest,,,,,,manifest,,,,,,,,,,,,,,,,,,,,,,,,,,,,
WORD01711,impeding,,impeding,,,,,,,,,,,,,,,,,,,,,,,,,,,,,,,,
WORD01712,ranged,,,,,,ranged,,,,,,,,,,,,,,,,,,,,,,,,,,,,
WORD01713,problem,,,,,,problem,,,,,,,,,,,,,,,,,,,,,,,,,,,,
WORD01714,requirements,,,,,,requirements,,,requirements,,,,,,,,,requirements,,,,,,,,,,,,,,,,
WORD01715,zero,,,,,,zero,,,,,,,,,,,,,,,,,,,,,,,,,,,,
WORD01716,findings,,,,,,findings,,,,,,,,,,,,,,,,,,,,,,,,,,,,
WORD01717,stakeholders,,,,,,stakeholders,,,,,,,,,stakeholders,,,,,,,,,,,stakeholders,stakeholders,,,,,,,
WORD01718,mantra,,,,,,mantra,,,,,,,,,,,,,,,,,,,,,,,,,,,,
WORD01719,rights,rights,,,rights,,rights,,,,,,,,,,,,,,,,,,,,,,,,,,,,
WORD01720,options,,,,,,options,,,,,,,,,,,,,,,,,,,,,,,,,,,,
WORD01721,review,,,,,review,review,,review,review,,,,,,,,,,review,,,,,,,,,,,,,,,
WORD01722,modeling,,,,,,modeling,,,,,,,,,,,,,,,,,,,,,,,,,,,,
WORD01723,proposals,,,,,,proposals,,,,,,,,,,,,,,,,,,,,,,,,,,,,
WORD01724,policies,,,,,,policies,,,policies,,,,,,,,,policies,,,,,,,,,,,,,,,,
WORD01725,later,,,,,,later,,,,,,,,,,,,,,,,,,,,,,,,,,,,
WORD01726,geographies,,,,,,geographies,,,,,,,,,geographies,,,,,,,,,,,,,,,,,,,
WORD01727,refining,,,,,,refining,,,,,,,,,,,,,,,,,,,,,,,,,,,,
WORD01728,prioritizes,,,,,,prioritizes,,,,,,,,,,,,,,,,,,,,,,,,,,,,
WORD01729,clearer,,,,,,clearer,,,,,,,,,,,,,,,,,,,,,,,,,,,,
WORD01730,representation,,,,,,representation,representation,,,,,,,representation,representation,,,,,,,,,,,,,,,,,,,
WORD01731,hosted,,,,,,hosted,,,,,,,,,,,,,,,,,,,,,,,,,,,,
WORD01732,ability,,,,ability,,ability,,,,,,,,,ability,,,,,,,,,,,,,,,,,,,
WORD01733,lies,,,,,,lies,,,,,,,,,,,,,,,,,,,,,,,,,,,,
WORD01734,innovation,,,,,,innovation,,,,,,innovation,,,,,,,,,,,,,,,,,,,,,,
WORD01735,explaining,,,,,,explaining,,,,,,,,,,,,,,,,,,,,,,,,,,,,
WORD01736,come,,,,,come,,,,,,,,,,,,,,,,,,,,,,,,,,,,,
WORD01737,benefit,benefit,,,,,benefit,,,,,,benefit,,,,,,,,,,,,,,,,,,,,,,
WORD01738,nationality,,,,nationality,,,,,,,,,,,nationality,,,,,,,,,,,,,,,,,,,
WORD01739,hours,,,,,,hours,,,,,,,,,,,,,,,,,,,,,,,,,,,,
WORD01740,reasoning,,,,reasoning,,,,,,,,,,,,,,,,,,,,,,,,,,,,,,
WORD01741,remediate,,,,,remediate,,,,,,,,,,,,,,,,,,,remediate,remediate,,,,,,,,,
WORD01742,earlier,,,,,,earlier,,,,,,,,,,,,,,,,,,,,,,,,,,,,
WORD01743,regulatory,,,,,,regulatory,,,regulatory,,,,,,,,,regulatory,,,,,,,,,,,,,,,,
WORD01744,reproduced,,,,,,reproduced,,,,,,,,,,,,,,,,,,,,,,,,,,,,
WORD01745,speaking,,,,,,speaking,,,,,,,,,,,,,,,,,,,,,,,,,,,,
WORD01746,substantially,,,,,,substantially,,,,,,,,,,,,,,,,,,,,,,,,,,,,
WORD01747,offices,,,,,,offices,,,,,,,,,,,,,,,,,,,,,,,,,,,,
WORD01748,realize,,,,,realize,realize,,,,,,,,,,,,,,,,,,,,,,,,,,,,
WORD01749,eleven,,,,,,eleven,,,,,,,,,,,,,,,,,,,,,,,,,,,,
WORD01750,clear,,,,,,clear,,clear,,,,,clear,,,,,,,,,,,,,,,,,,,,,
WORD01751,detailed,,,,,,detailed,,,,,,,,,,,,,,,,,,,,,,,,,,,,
WORD01752,professor,,,,,,professor,,,,,,,,,,,,,,,,,,,,,,,,,,,,
WORD01753,everyone,,,,everyone,,everyone,,,,,,,,everyone,,,,,,,,,,,,,,,,,,,,
WORD01754,charter,,,,,,charter,,,,,,,,,,,,,,,,,,,,,,,,,,,,
WORD01755,innovations,,,,,,innovations,,,,,,,,,,,,,,,,,,,,,,,,,,,,
WORD01756,monk,,,,,,monk,,,,,,,,,,,,,,,,,,,,,,,,,,,,
WORD01757,solution,,,,,,solution,,,,,,,,,,,,,,,,,,,,,,,,,,,,
WORD01758,rework,,,,,rework,,,,,,,,,,,,,,,,,,,,,,,,,,,,,
WORD01759,support,,,,,support,support,,,,,,support,,,,,,,,,,,,,,,,,,,,,,
WORD01760,establishing,,,,,,establishing,,,,,,,,,,,,,,,,,,,,,,,,,,,,
WORD01761,appropriate,,,,,,appropriate,,,,,,,,,,,,,,,,,,,,,,,,,,,,
WORD01762,determined,,,,,,determined,,,,,,,,,,,,,,,,,,,,,,,,,,,,
WORD01763,identification,,,,,,,,,,,,,,,,,,,,,,,identification,,,,,,,,,,,
WORD01764,representative,,,,,,representative,representative,,,,,,,representative,representative,,,,,,,,,,,,,,,,,,,
WORD01765,gauge,,,,,gauge,,,,,,,,,,,,,,,,,,,,,,,,,,,,,
WORD01766,earliest,,,,,,earliest,,,,,,,,,,,,,,,,,,,,,,,,,,,,
WORD01767,years,,,,,,years,,,,,,,,,,,,,,,,,,,,,,,,,,,,
WORD01768,covered,,,,,,covered,,,,,,,,,,,,,,,,,,,,,,,,,,,,
WORD01769,confidently,,,,,,confidently,,,,,,,,,,,,,,,,,,,,,,,,,,,,
WORD01770,direction,,,,,,direction,,,,,,,,,,,,,direction,,,,,,,,,,,,,,,
WORD01771,previous,,,,,,previous,,,,,,,,,,,,,,,,,,,,,,,,,,,,
WORD01772,standing,,,,,,standing,,,,,,,,,,,,,,,,,,,,,,,,,,,,
WORD01773,organizations,,,,,,organizations,,,,,,,,,,,,,,,,,,,,,,,,,,,,
WORD01774,aligns,,,,,,aligns,,,,,,,,,,,,,,,,,,,,,,,,,,,,
WORD01775,requires,,,,,requires,requires,,,,,,,,,,,,,,,,,,,,,,,,,,,,
WORD01776,situations,,,,,,situations,,,,,,,,,,,,,,,,,,,,,,,,,,,,
WORD01777,workshop,,,,,,workshop,,,,,,,,,,,,,,,,,,,,,,,,,,workshop,,
WORD01778,actively,,,,,,actively,,,,,,,,,,,,,,,,,,,,,,,,,,,,
WORD01779,reinforcing,,,,,,reinforcing,,,,,,,,,,,,,,,,,,,,,,,,,,,,
WORD01780,perpetuate,,perpetuate,,,,,,,,,,,,,,,,,,,,,,,,,,,,,,,,
WORD01781,war,,,,,,war,,,,,,,,,,,,,,,,,,,,,,,,,,,,
WORD01782,specifying,,,,,specifying,specifying,,,,,,,,,,,,,,,,,,,,,,,,,,,,
WORD01783,fields,,,,,,fields,,,,,,,,,,,,,,,,,,,,,,,,,,,,
WORD01784,safeguarding,,,,,,,,,,,,,,,,,,,,,,,,,safeguarding,,,,,,,,,
WORD01785,intersection,,,,,,intersection,,,,,,,,,,,,,,,,,,,,,,,,,,,,
WORD01786,accordance,,,,,,accordance,,,,,,,,,,,,,,,,,,,,,,,,,,,,
WORD01787,enlisted,,,,,enlisted,,,,,,,,,,,,,,,,,,,,,enlisted,,,,,,,,
WORD01788,references,,,,,,references,,,,,,,,,,,,,,,,,,,,,,,,,,,,
WORD01789,modify,,,,,modify,,,,,,,,,,,,,,,,,,,,,,,,,,,,,
WORD01790,valid,,,,,,valid,,,,,,,,,,,,,,,,,,,,,,,,,,,,
WORD01791,intersections,,,,,,intersections,,,,,,,,,,,,,,,,,,,,,,,,,,,,
WORD01792,monitor,,,,,monitor,,,,,,,,,,,,,,monitor,,monitor,,,,,,,,,,,,,
WORD01793,neurips,,,neurips,,,,,,,,,,,,,,,,,,,,,,,,,,,,,,,
WORD01794,participate,,,,,participate,,,,,,,,,,,,,,,,,,,,,,participate,,,,,,,
WORD01795,dynamic,,,,,,dynamic,,,,,,,,,,,,,,,,,,,,,,,,,,,,
WORD01796,partners,,,,,,partners,,,,,,,,,,,,,,,,,,,,partners,,,,,,,,
WORD01797,model,,,model,,,model,,model,,,,,,,,,,,,,,model,,,,,,,,,,,,
WORD01798,cost,,,,,,cost,,,,,,,,,,,,,,,,,,,,,,,,,,,,
WORD01799,parties,,,,,,parties,,,,,,,,,,,,,,,,,,,,,,,,,,,,
WORD01800,tensor,,,tensor,,,,,,,,,,,,,,,,,,,,,,,,,,,,,,,
WORD01801,employed,,,,,employed,,,,,,,,,,,,,,,,,,,,,,,,,,,,,
WORD01802,partnership,,,,,,partnership,,,,,,,,,,,,,,,,,,,,partnership,,,,,,,,
WORD01803,wikipedia,,,,,,wikipedia,,,,,,,,,,,,,,,,,,,,,,,,,,,,
WORD01804,spent,,,,,,spent,,,,,,,,,,,,,,,,,,,,,,,,,,,,
WORD01805,used,,,,,,used,,,,,,,,,,,,,,,,,,,,,,,,,,,,
WORD01806,collaboration,,,,,,collaboration,,,,,,,,collaboration,,,,,,,,,,,,collaboration,,,,,,,,
WORD01807,future_risk,,future_risk,,,,,,,,,,,,,,,,,,,,,future_risk,,,,,,,future_risk,,,,
WORD01808,cycles,,,,,,cycles,,,,,,,,,,,,,,,,,,,,,,,,,,,,
WORD01809,emerging,,,,,,emerging,,,,,,,,,,,,,,,,,,,,,,,,,,,,
WORD01810,adequately,,,,,,adequately,,,,,,,,,,,,,,,,,,,,,,,,,,,,
WORD01811,incorporating,,,,,incorporating,incorporating,,,,,,,,,,,,,,,,,,,,,,,,,,,,
WORD01812,presented,,,,,,presented,,,,,,,,,,,,,,,,,,,,,,,,,,,,
WORD01813,co,,,,,,co,,,,,,,,,,,,,,,,,,,,,,,,,,,,
WORD01814,intentionally,,,,,,intentionally,,,,,,,,,,,,,,,,,,,,,,,,,,,,
WORD01815,imagination,,,,,,imagination,,,,,,,,,,,,,,,,,,,,,,,,,,,,
WORD01816,language,,,language,,,language,,,,,,,,,,,,,,,,,,,,,,,,,,,,
WORD01817,section,,,,,,section,,,,,,,,,,,,,,,,,,,,,,,,,,,,
WORD01818,worldwide,,,,,,worldwide,,,,,,,,,,,,,,,,,,,,,,,,,,,,
WORD01819,universal,,,,,,universal,,,,,,,,,,,,,,,,,,,,,,,,,,,,
WORD01820,east,,,,,,east,,,,,,,,,,,,,,,,,,,,,,,,,,,,
WORD01821,endowment,,,,,,endowment,,,,,,,,,,,,,,,,,,,,,,,,,,,,
WORD01822,affected,,,,,,affected,,,,,,,,,,,,,,,,,,,,,,,,,,,,
WORD01823,master,,,,,,master,,,,,,,,,,,,,,,,,,,,,,,,,,,,
WORD01824,pixel,,,pixel,,,,,,,,,,,,,,,,,,,,,,,,,,,,,,,
WORD01825,public,,,,,,public,,,,,,,,,,,,,,,,,,,,,,,,,,,,
WORD01826,humanitarian,,,,humanitarian,,,,,,,,,,,,,,,,,,,,,,,,,,,,,,
WORD01827,code,,,code,,,,,,,,,,,,,,,,,,,,,,,,,,,,,,,
WORD01828,limitations,,,,,,,,,,,,,,,,,,,,,,,limitations,limitations,,,,,,,,,limitations,limitations
WORD01829,association,,,,,,association,,,,,,,,,,,,,,,,,,,,,,,,,,,,
WORD01830,land,,,,,,land,,,,,,,,,,,,,,,,,,,,,,,,,,,,
WORD01831,stereotypes,,stereotypes,,,,,stereotypes,,,,,,,,,,,,,,,,,,,,,,,,stereotypes,,,
WORD01832,guidelines,,,,,,guidelines,,,,,,,,,,,,guidelines,,,,,,,,,,,,,,,,
WORD01833,analyses,,,,,,analyses,,,,,,,,,,,,,,,,,,,,,,,,,,,,
WORD01834,verify,,,,,verify,,,,,,,,,,,,,,,verify,,,,,,,,,,,,,,
WORD01835,innovative,,,,,,innovative,,,,,,,,,,,,,,,,,,,,,,,,,,,,
WORD01836,aims,,,,,,aims,,,,,,,,,,,,,,,,,,,,,,,,,,,,
WORD01837,ml,,,ml,,,,,,,,,,,,,,,,,,,,,,,,,,,,,,,
WORD01838,assemble,,,,,assemble,,,,,,,,,,,,,,,,,,,,,,,,,,,,,
WORD01839,downstream,,downstream,,,,downstream,,,,,,,,,,,,,,,,,,,,,,,,,,,,
WORD01840,procedures,,,,,,procedures,,,,,,,,,,,,,,,,,,,,,,,,,,,,
WORD01841,communication,,,,,,communication,,,,,,,,,,,,,,,,,,,,,,,,,,,,
WORD01842,fit,,,,,,fit,,,,,,,,,,,,,,,,,,,,,,,,,,,,
WORD01843,prevention,,,,,,,,,,,,,,,,,,,,,,,,prevention,prevention,,,,,,,,,
WORD01844,transcription,,,transcription,,,,,,,,,,,,,,,,,,,,,,,,,,,,,,,
WORD01845,ghana,,,,,,ghana,,,,,,,,,,,,,,,,,,,,,,,,,,,,
WORD01846,engineering,,,engineering,,,,,,,,,,,,,,,,,,,,,,,,,,,,,,,
WORD01847,audit,,,,,,,,,,,,,,,,,,,audit,,,,,,,,,,,,,,,
WORD01848,safeguard,,,,,safeguard,,,,,safeguard,,,,,,,,,,,,,,,,,,,,,,,,
WORD01849,mix,,,,,,mix,,,,,,,,,,,,,,,,,,,,,,,,,,,,
WORD01850,top,,,,,,top,,,,,,,,,,,,,,,,,,,,,,,,,,,,
WORD01851,functional,,,,,,functional,,,,,,,,,,,,,,,,,,,,,,,,,,,,
WORD01852,screen,,,,,,screen,,,,,,,,,,,,,,,,,,,,,,,,,,,,
WORD01853,workshops,,,,,,workshops,,,,,,,,,,,,,,,,,,,,,workshops,,,,,workshops,,
WORD01854,sector,,,,,,sector,,,,,,,,,,,,,,,,,,,,,,,,,,,,
WORD01855,incorrectly,,,,,,incorrectly,,,,,,,,,,,,,,,,,,,,,,,,,,,,incorrectly
WORD01856,precedents,,,,,,precedents,,,,,,,,,,,,,,,,,,,,,,,,,,,,
WORD01857,balance,,,,,,balance,,,,,,,,,,,,,,,,,,,,,,,,,,,,
WORD01858,less,,,,,,less,,,,,,,,,,,,,,,,,,,,,,,,,,,,
WORD01859,term,,,,,,term,,,,,,,,,,,,,,,,,,,,,,,,,,,,
WORD01860,relatively,,,,,,relatively,,,,,,,,,,,,,,,,,,,,,,,,,,,,
WORD01861,listening,,,,,listening,,,,,,,,,,,,,,,,,,,,,,listening,,,,,,,
WORD01862,competent,,,,,,competent,,,,,,,,,,,,,,,,,,,,,,,,,,,,
WORD01863,mechanisms,,,,,,mechanisms,,,mechanisms,,,,,,,,,,,,,,,,,,,,,,,,,
WORD01864,away,,,,,,away,,,,,,,,,,,,,,,,,,,,,,,,,,,,
WORD01865,numerous,,,,,,numerous,,,,,,,,,,,,,,,,,,,,,,,,,,,,
WORD01866,audits,,,,,,audits,,,audits,,,,,,,,,,audits,,,,,,,,,,,,,,,
WORD01867,known,,,,,,known,,,,,,,,,,,,,,,,,,,,,,,,,,,,
WORD01868,languages,,,,languages,,languages,,,,,,,,,languages,,,,,,,,,,,,,,,,,,,
WORD01869,academic,,,,,,academic,,,,,,,,,,,,,,,,,,,,,,,,,,,,
WORD01870,integrated,,,,,,integrated,,,,,,,,,,,,,,,,,,,,,,,,,,,,
WORD01871,serving,,,,,serving,serving,,,,,,,,,,,,,,,,,,,,,,,,,,,,
WORD01872,governmental,,,,,,governmental,,,,,,,,,,,,,,,,,,,,,,,,,,,,
WORD01873,form,,,,,,form,,,,,,,,,,,,,,,,,,,,,,,,,,,,
WORD01874,outcome,,,,,,outcome,,,,,,,,,,,,,,,,,,,,,,,,,,,,
WORD01875,custom,,,,,,custom,,,,,,,,,,,,,,,,,,,,,,,,,,,,
WORD01876,preserve,,,,,preserve,,,,,,,,,,,,,,,,,,,,,,,,,,,,,
WORD01877,adapted,,,,,,adapted,,,,,,,,,,,,,,,,,,,,,,,,,,,,
WORD01878,nih,,,,,,nih,,,,,,,,,,,,,,,,,,,,,,,,,,,,
WORD01879,shot,,,,,,shot,,,,,,,,,,,,,,,,,,,,,,,,,,,,
WORD01880,referred,,,,,,referred,,,,,,,,,,,,,,,,,,,,,,,,,,,,
WORD01881,openly,,,,,,openly,,openly,,,,,,,,,,,,,,,,,,,,,,,,,,
WORD01882,legality,,,,,,legality,,,,,,,,,,,,,,,,,,,,,,,,,,,,
WORD01883,flurry,,,,,,flurry,,,,,,,,,,,,,,,,,,,,,,,,,,,,
WORD01884,reviewers,,,,,,reviewers,,,,,,,,,,,,,reviewers,,,,,,,,,reviewers,,,,,,
WORD01885,darker,,,,,,darker,,,,,,,,,,,,,,,,,,,,,,,,,,,,
WORD01886,face,,,,,,face,,,,,,,,,,,,,,,,,,,,,,,,,,,,
WORD01887,operational,,,,,,operational,,,,,,,,,,,,,,,,,,,,,,,,,,,,
WORD01888,signal,,,,,,signal,,,,,,,,,,,,,,,,,,,,,,,,,,,,
WORD01889,holders,,,,,,holders,,,,,,,,,,,,,,,,,,,,,,,,,,,,
WORD01890,aligning,,,,,aligning,,,,,,,,,,,,,,,,,,,,,,,,,,,,,
WORD01891,inherits,,,,,inherits,,,,,,,,,,,,,,,,,,,,,,,,,,,,,
WORD01892,exemplify,,,,,,exemplify,,,,,,,,,,,,,,,,,,,,,,,,,,,,
WORD01893,ever,,,,,,ever,,,,,,,,,,,,,,,,,,,,,,,,,,,,
WORD01894,harm prevention,,,,,,,,,,,,,,,,,,,,,,,,,harm prevention,,,,,,,,,
WORD01895,trade,,,,,,trade,,,,,,,,,,,,,,,,,,,,,,,,,,,,
WORD01896,remain,,,,,,remain,,,,,,,,,,,,,,,,,,,,,,,,,,,,
WORD01897,overlooked,,,,,,overlooked,,,,,,,,,,,,,,,,,,,,,,,,,,,,
WORD01898,involves,,,,,,involves,,,,,,,,,,,,,,,,,,,,,,,,,,,,
WORD01899,requiring,,,,,,requiring,,,,,,,,,,,,,,,,,,,,,,,,,,,,
WORD01900,coding,,,coding,,,,,,,,,,,,,,,,,,,,,,,,,,,,,,,
WORD01901,instead,,,,,,instead,,,,,,,,,,,,,,,,,,,,,,,,,,,,
WORD01902,risk_mitigation,,risk_mitigation,,,,,,,,,risk_mitigation,,,,,,,,,,,,,risk_mitigation,,,,,,,,,,
WORD01903,failures,,failures,,,,,,,,,,,,,,,,,,,,,,,,,,,,,,,,
WORD01904,cover,,,,,,cover,,,,,,,,,,,,,,,,,,,,,,,,,,,,
WORD01905,opportunity,,,,,,,,,,,,opportunity,,,,,opportunity,,,,,,,,,,,,,,,,,
WORD01906,pillars,,,,,,pillars,,,,,,,,,,,,,,,,,,,,,,,,,,,,
WORD01907,transforms,,,,,transforms,,,,,,,,,,,,,,,,,,,,,,,,,,,,,
WORD01908,announcing,,,,,announcing,,,,,,,,,,,,,,,,,,,,,,,,,,,,,
WORD01909,pace,,,,,,pace,,,,,,,,,,,,,,,,,,,,,,,,,,,,
WORD01910,global,,,,global,,global,,,,,,,,,global,,,,,,,,,,,,,,,,global,,,
WORD01911,paper,,,,,,paper,,,,,,,,,,,,,,,,paper,,,,,,,,,,,,
WORD01912,key,,,,,,key,,,,,,,,,,,,,,,,,,,,,,,,,,,,
WORD01913,completed,,,,,completed,completed,,,,,,,,,,,,,,,,,,,,,,,,,,,,
WORD01914,completions,,,,,,completions,,,,,,,,,,,,,,,,,,,,,,,,,,,,
WORD01915,complex,,,,,,complex,,,,,,,,,,,,,,,,,,,,,,,,,,,,
WORD01916,risk_assessment,,,,,,,,,,,,,,,,,,,,,,,risk_assessment,,,,,,,,,,,
WORD01917,seek,,,,,seek,,,,,,,,,,,,,,,,,,,,,,,,,,,,,
WORD01918,always,,,,,,always,,,,,,,,,,,,,,,,,,,,,,,,,,,,
WORD01919,moment,,,,,,moment,,,,,,,,,,,,,,,,,,,,,,,,,,,,
WORD01920,harms,,harms,,,,harms,,,,,,,,,,,,,,,,,harms,,harms,,,,,,,,,
WORD01921,datasets,,,datasets,,,datasets,,,,,,,,,,,,,,,,,,,,,,,,,,,,
WORD01922,approval,,,,,,approval,,,,,,,,,,,,,,,,,,,,,,,,,,,,
WORD01923,begin,,,,,begin,begin,,,,,,,,,,,,,,,,,,,,,,,,,,,,
WORD01924,ukraine,,,,,,ukraine,,,,,,,,,,,,,,,,,,,,,,,,,,,,
WORD01925,oversight,,,,,,,,,oversight,,,,,,,,,oversight,oversight,,,,,,,,,,,,,,,
WORD01926,described,,,,,,described,,,,,,,,,,,,,,,,,,,,,,,,,,,,
WORD01927,choose,,,,,choose,,,,,,,,,,,,,,,,,,,,,,,,,,,,,
WORD01928,re,,,,,,re,,,,,,,,,,,,,,,,,,,,,,,,,,,,
WORD01929,unit,,,unit,,,,,,,,,,,,,,,,,,,,,,,,,,,,,,,
WORD01930,minimize,,,,,,,,,,,,,,,,,,,,,,,,minimize,,,,,,,,,,
WORD01931,learning,,,learning,,learning,learning,,,,,,,,,,,,,,,,,,,,,,,,,,learning,,
WORD01932,similar,,,,,,similar,,,,,,,,,,,,,,,,,,,,,,,,,,,,
WORD01933,examples,,,,,,examples,,,,,,,,,,,,,,,,,,,,,,,,,,,,
WORD01934,comments,,,,,,comments,,,,,,,,,,,,,,,,,,,,,,,,,,,,
WORD01935,university,,,,,,university,,,,,,,,,,,,,,,,,,,,,,,,,,,,
WORD01936,knowingly,,,,,,knowingly,,,,,,,,,,,,,,,,,,,,,,,,,,,,
WORD01937,inputs,,,,,,inputs,,,,,,,,,,,,,,,,,,,,,,,,,,,,
WORD01938,articles,,,,,,articles,,,,,,,,,,,,,,,,,,,,,,,,,,,,
WORD01939,csrmp,,,,,,csrmp,,,,,,,,,,,,,,,,,,,,,,,,,,,,
WORD01940,beret,,,,,,beret,,,,,,,,,,,,,,,,,,,,,,,,,,,,
WORD01941,towards,,,,,,towards,,,,,,,,,,,,,,,,,,,,,,,,,,,,
WORD01942,attacks,,,,,,attacks,,,,,,,,,,,,,,,,,,,,,,,,,,,,
WORD01943,leaving,,,,,,leaving,,,,,,,,,,,,,,,,,,,,,,,,,,,,
WORD01944,talk,,,,,,talk,,,,,,,,,,,,,,,,,,,,,,,,,,,,
WORD01945,biases,,biases,,,,,biases,,,,,,,,,,,,,,,,biases,,,,,,,,,,,
WORD01946,cultures,,,,cultures,,,,,,,,,,,cultures,,,,,,,,,,,,,,,,,,,
WORD01947,bodies,,,,,,bodies,,,,,,,,,,,,,,,,,,,,,,,,,,,,
WORD01948,sourcing,,,,,sourcing,sourcing,,,,,,,,,,,,,,,,,,,,,,,,,,,,
WORD01949,specialists,,,,,,specialists,,,,,,,,,,,,,,,,,,,,,,,,,,,,
WORD01950,taken,,,,,taken,taken,,,,,,,,,,,,,,,,,,,,,,,,,,,,
WORD01951,environments,,,,,,environments,,,,,,,,,,,,,,,,,,,,,,,,,,,,
WORD01952,guide,,,,,guide,guide,,,,,,,,,,,,,,,,,,,,,,,,,,,,
WORD01953,markers,,,,,,markers,,,,,,,,,,,,,,,,,,,,,,,,,,,,
WORD01954,due,,,,,,due,,,,,,,,,,,,,,,,,,,,,,,,,,,,
WORD01955,navigate,,,,,navigate,,,,,,,,,,,,,,,,,,,,,,,,,,,,,
WORD01956,computers,,,,,,computers,,,,,,,,,,,,,,,,,,,,,,,,,,,,
WORD01957,grained,,,,,,grained,,,,,,,,,,,,,,,,,,,,,,,,,,,,
WORD01958,applications,,,applications,,,applications,,,,,,,,,,,,,,,,,,,,,,,,,,,,
WORD01959,limitation,,,,,,,,,,,,,,,,,,,,,,,,,,,,,,,,,,limitation
WORD01960,announcements,,,,,,announcements,,,,,,,,,,,,,,,,,,,,,,,,,,,,
WORD01961,progressed,,,,,,progressed,,,,,,,,,,,,,,,,,,,,,,,,,,,,
WORD01962,veritas,,,,,,veritas,,,,,,,,,,,,,,,,,,,,,,,,,,,,
WORD01963,steps,,,,,,steps,,,,,,,,,,,,,,,,,,,,,,,,,,,,
WORD01964,important,,,,,,important,,,,,,,,,,,,,,,,,,,,,,,,,,,,
WORD01965,poses,,,,,,poses,,,,,,,,,,,,,,,,,,,,,,,,,,,,
WORD01966,dedicated,,,,,,dedicated,,,,,,,,,,,,,,,,,,,,,,,,,,,,
WORD01967,illegal,,illegal,,,,,,,,,,,,,,,,,,,,,,,,,,,,,,,,
WORD01968,marginalization,,marginalization,,,,,,,,,,,,marginalization,marginalization,,,,,,,,,,,,,,,,,,,
WORD01969,entries,,,,,,entries,,,,,,,,,,,,,,,,,,,,,,,,,,,,
WORD01970,disclosure,,,,,,,,disclosure,,,,,,,,,,,,,,,,,,,,,,,,,,
WORD01971,cross,,,,,,cross,,,,,,,,,,,,,,,,,,,,,,,,,,,,
WORD01972,intelligence,,,intelligence,,,,,,,,,,,,,,,,,,,,,,,,,,,,,,,
WORD01973,web,,,web,,,web,,,,,,,,,,,,,,,,,,,,,,,,,,,,
WORD01974,enable,,,,,enable,enable,,,,,,,,,,,,,,,,,,,,,,,,,,,,
WORD01975,researchers,,,,,,researchers,,,,,,,,,,,,,,,,,,,,,,,,,,researchers,,
WORD01976,think,,,,,think,,,,,,,,,,,,,,,,,,,,,,,,,,,,,
WORD01977,communities,,,,communities,,,,,,,,,,communities,,,,,,,,,,,,,,,,,,,,
WORD01978,associations,,,,,,associations,,,,,,,,,,,,,,,,,,,,,,,,,,,,
WORD01979,regulate,,,,,regulate,,,,,,,,,,,,,,,,,,,,,,,,,,,,,
WORD01980,anthropomorphization,,,,,,anthropomorphization,,,,,,,,,,,,,,,,,,,,,,,,,,,,
WORD01981,religious,,,,religious,,,,,,,,,,,religious,,,,,,,,,,,,,,,,,,,
WORD01982,feminine,,,,feminine,,,,,,,,,,,,,,,,,,,,,,,,,,,,,,
WORD01983,networks,,,networks,,,,,,,,,,,,,,,,,,,,,,,,,,,,,,,
WORD01984,color,,,,,,color,,,,,,,,,,,,,,,,,,,,,,,,,,,,
WORD01985,america,,,,,,america,,,,,,,,,,,,,,,,,,,,,,,,,,,,
WORD01986,grammatical,,,grammatical,,,grammatical,,,,,,,,,,,,,,,,,,,,,,,,,,,,
WORD01987,necessity,,,,,,necessity,,,,,,,,,,,,,,,,,,,,,,,,,,,,
WORD01988,culture,,,,,,culture,,,,,,,,,,,,,,,,,,,,,,,,,,,,
WORD01989,engaged,,,,,,engaged,,,,,,,,,,,,,,,,,,,,,,,,,,,,
WORD01990,called,,,,,,called,,,,,,,,,,,,,,,,,,,,,,,,,,,,
WORD01991,teach,,,,,,teach,,,,,,,,,,,,,,,,,,,,,,,,,,,,
WORD01992,offline,,,offline,,,,,,,,,,,,,,,,,,,,,,,,,,,,,,,
WORD01993,harvard,,,,,,harvard,,,,,,,,,,,,,,,,,,,,,,,,,,,,
WORD01994,lifecycle,,,,,,lifecycle,,,,,,,,,,,,,,,,,,,,,,,,,,,,
WORD01995,objectivity,,,,,,objectivity,,,,,,,,,,,,,,,,,,,,,,,,,,,,
WORD01996,proceed,,,,,proceed,,,,,,,,,,,,,,,,,,,,,,,,,,,,,
WORD01997,phrases,,,,,,phrases,,,,,,,,,,,,,,,,,,,,,,,,,,,,
WORD01998,broader,,,,,,broader,,,,,,,,,,,,,,,,,,,,,,,,,,,,
WORD01999,accountability,accountability,,,,,,,,accountability,,,,,,,,,,accountability,,,,,,,,,,,,,,,
WORD02000,accounting,,,,,,accounting,,,accounting,,,,,,,,,,,,,,,,,,,,,,,,,
WORD02001,scr,,,,,,scr,,,,,,,,,,,,,,,,,,,,,,,,,,,,
WORD02002,measurable,,,,,,measurable,,,,,,,,,,,,,,,,,,,,,,,,,,,,
WORD02003,respective,,,,,,respective,,,,,,,,,,,,,,,,,,,,,,,,,,,,
WORD02004,uncurated,,,,,,uncurated,,,,,,,,,,,,,,,,,,,,,,,,,,,,
WORD02005,photo,,,,,,photo,,,,,,,,,,,,,,,,,,,,,,,,,,,,
WORD02006,centered,,,,,,centered,,,,,,,,,,,,,,,,,,,,,,,,,,,,
WORD02007,scaled,,,,,,scaled,,,,,,,,,,,,,,,,,,,,,,,,,,,,
WORD02008,adjacent,,,,,,adjacent,,,,,,,,,,,,,,,,,,,,,,,,,,,,
WORD02009,stars,,,,,,stars,,,,,,,,,,,,,,,,,,,,,,,,,,,,
WORD02010,expertise,,,,,,expertise,,,,,,,,,,,,,,,,,,,,,,,,,,,,
WORD02011,downsides,,downsides,,,,,,,,,,,,,,,,,,,,,,,,,,,,,,,,
WORD02012,sampling,,,,,,sampling,,,,,,,,,,,,,,,,,,,,,,,,,,,,
WORD02013,advisors,,,,,,advisors,,,,,,,,,,,,,,,,,,,,,,,,,,,,
WORD02014,derogatory,,derogatory,,,,,,,,,,,,,,,,,,,,,,,,,,,,,,,,
WORD02015,run,,,,,run,,,,,,,,,,,,,,,,,,,,,,,,,,,,,
WORD02016,empirical,,,,,,empirical,,,,,,,,,,,,,,,,,,,,,,,,,,,,
WORD02017,psychology,,,,psychology,,,,,,,,,,,,,,,,,,,,,,,,,,,,,,
WORD02018,assistant,,,,,,assistant,,,,,,,,,,,,,,,,,,,,,,,,,,,,
WORD02019,evaluating,,,,,evaluating,evaluating,,,,,,,,,,,,,,evaluating,,,,,,,,,,,,,,
WORD02020,loop,,,,,,loop,,,,,,,,,,,,,,,,,,,,,,,,,,,,
WORD02021,inspired,,,,,,inspired,,,,,,,,,,,,,,,,,,,,,,,,,,,,
WORD02022,belonging,,,,belonging,,,,,,,,,,belonging,,,,,,,,,,,,,,,,,,,,
WORD02023,documentation,,,,,,,,documentation,,,,,,,,,,,,,,documentation,,,,,,,,,,,,
WORD02024,scientific,,,,,,scientific,,,,,,,,,,,,,,,,,,,,,,,,,,,,
WORD02025,accessibility,,,,,,,,,,,,,,accessibility,,accessibility,,,,,,,,,,,,,,,,,,
WORD02026,workflow,,,,,,workflow,,,,,,,,,,,,,,,,,,,,,,,,,,,,
WORD02027,enables,,,,,enables,enables,,,,,,,,,,,,,,,,,,,,,,,,,,,,
WORD02028,absent,,,,,,absent,,,,,,,,,,,,,,,,,,,,,,,,,,,,
WORD02029,individual,,,,individual,,,,,,,,,,,,,,,,,,,,,,,,,,,,,,
WORD02030,deep,,,deep,,,deep,,,,,,,,,,,,,,,,,,,,,,,,,,,,
WORD02031,pro,,,,,,pro,,,,,,,,,,,,,,,,,,,,,,,,,,,,
WORD02032,art,,,,,,art,,,,,,,,,,,,,,,,,,,,,,,,,,,,
WORD02033,apply,,,,,apply,apply,,,,,,,,,,,,,,,,,,,,,,,,,,,,
WORD02034,differentiate,,,,,,differentiate,,,,,,,,,,,,,,,,,,,,,,,,,,,,
WORD02035,catch,,,,,catch,,,,,,,,,,,,,,,,,,,,,,,,,,,,,
WORD02036,objectives,,,,,,objectives,,,,,,,,,,,,,,,,,,,,,,,,,,,,
WORD02037,image,,,image,,,image,,,,,,,,,,,,,,,,,,,,,,,,,,,,
WORD02038,requests,,,,,,requests,,,,,,,,,,,,,,,,,,,,,,,,,,,,
WORD02039,cautious,,,,,,cautious,,,,,cautious,,,,,,,,,,,,,,,,,,,,,,,
WORD02040,training,,,,,training,training,,,,,,,,,,,,,,,,,,,,,,,,,,training,,
WORD02041,since,,,,,,since,,,,,,,,,,,,,,,,,,,,,,,,,,,,
WORD02042,impacts,,impacts,,,,impacts,,,,,,,,,,,,,,,,,,,,,,,,,,,,
WORD02043,march,,,,,,march,,,,,,,,,,,,,,,,,,,,,,,,,,,,
WORD02044,consists,,,,,,consists,,,,,,,,,,,,,,,,,,,,,,,,,,,,
WORD02045,resource,,,,,,resource,,,,,,,,,,,,,,,,,,,,,,,,,,,,
WORD02046,data,,,data,,,data,,data,,,,,,,,,,,,,,data,,,,,,,,,,,,
WORD02047,software,,,software,,,,,,,,,,,,,,,,,,,,,,,,,,,,,,,
WORD02048,introduces,,,,,,introduces,,,,,,,,,,,,,,,,,,,,,,,,,,,,
WORD02049,gpt,,,gpt,,,,,,,,,,,,,,,,,,,,,,,,,,,,,,,
WORD02050,grievance,,,,,,grievance,,,grievance,,,,,,,,,,,,,,,,,,,,,,,,,
WORD02051,variation,,,,,,variation,,,,,,,,,,,,,,,,,,,,,,,,,,,,
WORD02052,ellis,,,,,,ellis,,,,,,,,,,,,,,,,,,,,,,,,,,,,
WORD02053,excludes,,,,,,excludes,,,,,,,,,,,,,,,,,,,,,,,,,,,,
WORD02054,retail,,,,,,retail,,,,,,,,,,,,,,,,,,,,,,,,,,,,
WORD02055,block,,,,,block,,,,,,,,,,,,,,,,,,,,block,,,,,,,,block,block
WORD02056,uncover,,,,,,uncover,,,,,,,,,,,,,,,,,,,,,,,,,,,,
WORD02057,theme,,,,,,theme,,,,,,,,,,,,,,,,,,,,,,,,,,,,
WORD02058,iterating,,,,,iterating,,,,,,,,,,,,,,,,,,,,,,,,,,,,,
WORD02059,offers,,,,,,offers,,,,,,,,,,,,,,,,,,,,,,,,,,,,
WORD02060,reveal,,,,,reveal,,,,,,,,,,,,,,,,,,,,,,,,,,,,,
WORD02061,widely,,,,,,widely,,,,,,,,,,,,,,,,,,,,,,,,,,,,
WORD02062,consider,,,,,consider,consider,,,,,,,,,,,,,,,,,,,,,,,,,,,,
WORD02063,new,,,,,,new,,,,,,,,,,,,,,,,,,,,,,,,,,,,
WORD02064,guidance,,,,,,guidance,,,,,,,,,,,,,guidance,,,,,,,,,,,,,guidance,,
WORD02065,clarify,,,,,,,,clarify,,,,,,,,,,,,,,,,,,,,,,,,,,
WORD02066,result,,,,,,result,,,,,,,,,,,,,,,,,,,,,,,,,,,,
WORD02067,iso,,,,,,,,,,,,,,,,,,,iso,,,,,,,,,,,,,,,
WORD02068,orientation,,,,orientation,,,,,,,,,,,orientation,,,,,,,,,,,,,,,,,,,
WORD02069,examine,,,,,examine,,,,,,,,,,,,,,,,,,,,,,,,,,,,,
WORD02070,designed,,,,,designed,designed,,,,,,,,,,,,,,,,,,,,,,,,,,,,
WORD02071,bridge,,,,,,bridge,,,,,,,,,,,,,,,,,,,,,,,,,,,,
WORD02072,launch,,,,,launch,launch,,,,,,,,,,,,,,,,,,,,,,,,,,,,
WORD02073,office,,,,,,office,,,,,,,,,,,,,,,,,,,,,,,,,,,,
WORD02074,kyd,,,,,,kyd,,,,,,,,,,,,,,,,,,,,,,,,,,,,
WORD02075,another,,,,,,another,,,,,,,,,,,,,,,,,,,,,,,,,,,,
WORD02076,made,,,,,,made,,,,,,,,,,,,,,,,,,,,,,,,,,,,
WORD02077,embedded,,,,,embedded,,,,,,,,,,,,,,,,,,,,,,,,,,,,,
WORD02078,details,,,,,,details,,,,,,,,,,,,,,,,,,,,,,,,,,,,
WORD02079,learned,,,,,learned,learned,,,,,,,,,,,,,,,,,,,,,,,,,,,,
WORD02080,region,,,,,,region,,,,,,,,,region,,,,,,,,,,,,,,,,,,,
WORD02081,identities,,,,,,identities,,,,,,,,,,,,,,,,,,,,,,,,,,,,
WORD02082,health,,,,health,,health,,,,,,,,,,,,,,,,,,,,,,,,,,,,
WORD02083,positions,,,,,,positions,,,,,,,,,,,,,,,,,,,,,,,,,,,,
WORD02084,add,,,,,add,add,,,,,,,,,,,,,,,,,,,,,,,,,,,,
WORD02085,abusive,,abusive,,,,,,,,,,,,,,,,,,,,,,,,,,,,,,,,
WORD02086,makes,,,,,makes,,,,,,,,,,,,,,,,,,,,,,,,,,,,,
WORD02087,exclusively,,,,,,exclusively,,,,,,,,,,,,,,,,,,,,,,,,,,,,
WORD02088,principled,principled,,,,,principled,,,,,,,,,,,,,,,,,,,,,,,,,,,,
WORD02089,license,,,,,,license,,,,,,,,,,,,,,,,,,,,,,,,,,,,
WORD02090,partnerships,,,,,,partnerships,,,,,,,,,,,,,,,,,,,,partnerships,,,,,,,,
WORD02091,pursue,,,,,pursue,,,,,,,,,,,,,,,,,,,,,,,,,,,,,
WORD02092,reduce,,,,,reduce,reduce,,,,,,,,,,,,,,,,,,reduce,,,,,,,,,,
WORD02093,stress,,,,,stress,stress,,,,,,,,,,,,,,stress,,,,,,,,,,,,,,
WORD02094,googlers,,,,,,googlers,,,,,,,,,,,,,,,,,,,,,,,,,,,,
WORD02095,functions,,,,,,functions,,,,,,,,,,,,,,,,,,,,,,,,,,,,
WORD02096,routes,,,,,,routes,,,,,,,,,,,,,,,,,,,,,,,,,,,,
WORD02097,risk,,risk,,,,risk,,,,,,,,,,,,,,,,,risk,,,,,,,,,,,
WORD02098,truly,,,,,,truly,,,,,,,,,,,,,,,,,,,,,,,,,,,,
WORD02099,uses,,,,,,uses,,,,,,,,,,,,,,,,,,,,,,,,,,,,
WORD02100,repository,,,,,,repository,,,,,,,,,,,,,,,,,,,,,,,,,,,,
WORD02101,first,,,,,,first,,,,,,,,,,,,,,,,,,,,,,,,,,,,
WORD02102,incorporated,,,,,incorporated,incorporated,,,,,,,,,,,,,,,,,,,,,,,,,,,,
WORD02103,interpretability,,,,,,interpretability,,,,,,,,,,,,,,,,,,,,,,,,,,,,
WORD02104,contexts,,,,,,contexts,,,,,,,,,,,,,,,,,,,,,,,,,,,,
WORD02105,models,,,models,,,models,,,,,,,,,,,,,,,,,,,,,,,,,,,,
WORD02106,fakes,,fakes,fakes,,,,,,,,,,,,,,,,,,,,,,,,,,,,,,,
WORD02107,societies,,,,,,societies,,,,,,,,,,,,,,,,,,,,,,,,,,,,
WORD02108,intersectionality,,,,,,intersectionality,,,,,,,,,,,,,,,,,,,,,,,,,,,,
WORD02109,restore,,,,,restore,,,,,,,,,,,,,,,,,,,,,,,,,,,,,
WORD02110,safely,,,,,,safely,,,,,safely,,,,,,,,,,,,,,,,,,,,,,,
WORD02111,ultimately,,,,,,ultimately,,,,,,,,,,,,,,,,,,,,,,,,,,,,
WORD02112,prospective,,,,,,prospective,,,,,,,,,,,,,,,,,,,,,,,,,,,,
WORD02113,application,,,,,,application,,,,,,,,,,,,,,,,,,,,,,,,,,,,
WORD02114,york,,,,,,york,,,,,,,,,,,,,,,,,,,,,,,,,,,,
WORD02115,post,,,,,,post,,,,,,,,,,,,,,,,post,,,,,,,,,,,,
WORD02116,needs,,,,needs,,needs,,,,,,,,,,,,,,,,,,,,,,,,,,,,
WORD02117,beneficial,beneficial,,,,,beneficial,,,,,,beneficial,,,,,,,,,,,,,,,,,,,,,,
WORD02118,edge,,,,,,edge,,,,,,,,,,,,,,,,,,,,,,,,,,,,
WORD02119,let,,,,,,let,,,,,,,,,,,,,,,,,,,,,,,,,,,,
WORD02120,inclusion,,,,,,,inclusion,,,,,,,inclusion,inclusion,,,,,,,,,,,,,,,,,,,
WORD02121,solve,,,,,solve,,,,,,,,,,,,,,,,,,,,,,,,,,,,,
WORD02122,peer,,,,,,peer,,,,,,,,,,,,,,,,,,,,,,,,,,,,
WORD02123,nascent,,,,,,nascent,,,,,,,,,,,,,,,,,,,,,,,,,,,,
WORD02124,narratives,,,,,,narratives,,,,,,,,,,,,,,,,,,,,,,,,,,,,
WORD02125,depth,,,,,,depth,,,,,,,,,,,,,,,,,,,,,,,,,,,,
WORD02126,month,,,,,,month,,,,,,,,,,,,,,,,,,,,,,,,,,,,
WORD02127,geospatial,,,geospatial,,,,,,,,,,,,,,,,,,,,,,,,,,,,,,,
WORD02128,contravenes,,,,,,contravenes,,,,,,,,,,,,,,,,,,,,,,,,,,,,
WORD02129,foster,,,,,foster,,,,,,,,,,,,,,,,,,,,,,,,,,,,,
WORD02130,india,,,,,,india,,,,,,,,,,,,,,,,,,,,,,,,,,,,
WORD02131,includes,,,,,includes,includes,,,,,,,,,,,,,,,,,,,,,,,,,,,,
WORD02132,introductions,,,,,,introductions,,,,,,,,,,,,,,,,,,,,,,,,,,,,
WORD02133,proactive,,,,,,proactive,,,,,,,,,,,,,,,,,,,,,,,,,,,,
WORD02134,represent,,,,,represent,represent,,,,,,,,,,,,,,,,,,,,,,,,,,,,
